CREATE ROLE [aspnet_Membership_BasicAccess] AUTHORIZATION [dbo]
GO
CREATE ROLE [aspnet_Membership_ReportingAccess] AUTHORIZATION [dbo]
GO
CREATE ROLE [aspnet_Membership_FullAccess] AUTHORIZATION [dbo]
GO
CREATE ROLE [aspnet_Personalization_BasicAccess] AUTHORIZATION [dbo]
GO
CREATE ROLE [aspnet_Personalization_ReportingAccess] AUTHORIZATION [dbo]
GO
CREATE ROLE [aspnet_Personalization_FullAccess] AUTHORIZATION [dbo]
GO
CREATE ROLE [aspnet_Profile_BasicAccess] AUTHORIZATION [dbo]
GO
CREATE ROLE [aspnet_Profile_ReportingAccess] AUTHORIZATION [dbo]
GO
CREATE ROLE [aspnet_Profile_FullAccess] AUTHORIZATION [dbo]
GO
CREATE ROLE [aspnet_Roles_BasicAccess] AUTHORIZATION [dbo]
GO
CREATE ROLE [aspnet_Roles_ReportingAccess] AUTHORIZATION [dbo]
GO
CREATE ROLE [aspnet_Roles_FullAccess] AUTHORIZATION [dbo]
GO
CREATE ROLE [aspnet_WebEvent_FullAccess] AUTHORIZATION [dbo]
GO
CREATE SCHEMA [uptea_ch] AUTHORIZATION [dbo]
GO
CREATE SCHEMA [aspnet_WebEvent_FullAccess] AUTHORIZATION [aspnet_WebEvent_FullAccess]
GO
CREATE SCHEMA [aspnet_Roles_ReportingAccess] AUTHORIZATION [aspnet_Roles_ReportingAccess]
GO
CREATE SCHEMA [aspnet_Roles_FullAccess] AUTHORIZATION [aspnet_Roles_FullAccess]
GO
CREATE SCHEMA [aspnet_Roles_BasicAccess] AUTHORIZATION [aspnet_Roles_BasicAccess]
GO
CREATE SCHEMA [aspnet_Profile_ReportingAccess] AUTHORIZATION [aspnet_Profile_ReportingAccess]
GO
CREATE SCHEMA [aspnet_Profile_FullAccess] AUTHORIZATION [aspnet_Profile_FullAccess]
GO
CREATE SCHEMA [aspnet_Profile_BasicAccess] AUTHORIZATION [aspnet_Profile_BasicAccess]
GO
CREATE SCHEMA [aspnet_Personalization_ReportingAccess] AUTHORIZATION [aspnet_Personalization_ReportingAccess]
GO
CREATE SCHEMA [aspnet_Personalization_FullAccess] AUTHORIZATION [aspnet_Personalization_FullAccess]
GO
CREATE SCHEMA [aspnet_Personalization_BasicAccess] AUTHORIZATION [aspnet_Personalization_BasicAccess]
GO
CREATE SCHEMA [aspnet_Membership_ReportingAccess] AUTHORIZATION [aspnet_Membership_ReportingAccess]
GO
CREATE SCHEMA [aspnet_Membership_FullAccess] AUTHORIZATION [aspnet_Membership_FullAccess]
GO
CREATE SCHEMA [aspnet_Membership_BasicAccess] AUTHORIZATION [aspnet_Membership_BasicAccess]
GO
SET ANSI_NULLS ON
GO
SET QUOTED_IDENTIFIER ON
GO
CREATE TABLE [uptea_ch].[InformesEntrevistaEvaluacion](
	[Id] [uniqueidentifier] NOT NULL,
	[Fecha] [datetime] NULL,
	[Titulacion] [nvarchar](max) COLLATE Latin1_General_CI_AS NULL,
	[ObsGenerales] [nvarchar](max) COLLATE Latin1_General_CI_AS NULL,
	[AnalisisEquipoUP] [nvarchar](max) COLLATE Latin1_General_CI_AS NULL,
	[CumpleRequisitos] [bit] NOT NULL,
	[ValGlobal] [int] NOT NULL,
	[ValRequisitos] [int] NOT NULL,
	[ValInteres] [int] NOT NULL,
	[ValEducacion] [int] NOT NULL,
	[ValHabProfesionales] [int] NOT NULL,
	[ComentariosInteres] [nvarchar](max) COLLATE Latin1_General_CI_AS NULL,
	[ValClaridadDelIdioma] [int] NOT NULL,
	[ValExpresividadSoltura] [int] NOT NULL,
	[ValConfianzaPersonal] [int] NOT NULL,
	[ComentariosAnalisisLinguistico] [nvarchar](max) COLLATE Latin1_General_CI_AS NULL,
	[Idiomas] [nvarchar](max) COLLATE Latin1_General_CI_AS NULL,
	[CondicionesDelPrograma] [nvarchar](max) COLLATE Latin1_General_CI_AS NULL,
	[Referencias] [nvarchar](max) COLLATE Latin1_General_CI_AS NULL,
	[SituacionEconomica] [nvarchar](max) COLLATE Latin1_General_CI_AS NULL,
	[DietaAlimentacion] [nvarchar](max) COLLATE Latin1_General_CI_AS NULL,
	[Religion] [nvarchar](max) COLLATE Latin1_General_CI_AS NULL,
	[Otros] [nvarchar](max) COLLATE Latin1_General_CI_AS NULL,
	[Completado] [bit] NOT NULL,
	[UserId] [uniqueidentifier] NOT NULL,
	[Candidato_Id] [uniqueidentifier] NULL,
 CONSTRAINT [PK_uptea_ch.InformesEntrevistaEvaluacion] PRIMARY KEY CLUSTERED 
(
	[Id] ASC
)WITH (PAD_INDEX  = OFF, STATISTICS_NORECOMPUTE  = OFF, IGNORE_DUP_KEY = OFF, ALLOW_ROW_LOCKS  = ON, ALLOW_PAGE_LOCKS  = ON)
)

GO

CREATE NONCLUSTERED INDEX [IX_Candidato_Id] ON [uptea_ch].[InformesEntrevistaEvaluacion] 
(
	[Candidato_Id] ASC
)WITH (PAD_INDEX  = OFF, STATISTICS_NORECOMPUTE  = OFF, SORT_IN_TEMPDB = OFF, IGNORE_DUP_KEY = OFF, DROP_EXISTING = OFF, ONLINE = OFF, ALLOW_ROW_LOCKS  = ON, ALLOW_PAGE_LOCKS  = ON)
GO
SET ANSI_NULLS ON
GO
SET QUOTED_IDENTIFIER ON
GO
CREATE TABLE [uptea_ch].[DocumentosInscripcion](
	[Id] [uniqueidentifier] NOT NULL,
	[NombreDocumento] [nvarchar](max) COLLATE Latin1_General_CI_AS NOT NULL,
	[FechaSubida] [datetime] NULL,
	[Comentarios] [nvarchar](max) COLLATE Latin1_General_CI_AS NULL,
	[Estado] [nvarchar](max) COLLATE Latin1_General_CI_AS NULL,
	[Candidato_Id] [uniqueidentifier] NULL,
 CONSTRAINT [PK_uptea_ch.DocumentosInscripcion] PRIMARY KEY CLUSTERED 
(
	[Id] ASC
)WITH (PAD_INDEX  = OFF, STATISTICS_NORECOMPUTE  = OFF, IGNORE_DUP_KEY = OFF, ALLOW_ROW_LOCKS  = ON, ALLOW_PAGE_LOCKS  = ON)
)

GO

CREATE NONCLUSTERED INDEX [IX_Candidato_Id] ON [uptea_ch].[DocumentosInscripcion] 
(
	[Candidato_Id] ASC
)WITH (PAD_INDEX  = OFF, STATISTICS_NORECOMPUTE  = OFF, SORT_IN_TEMPDB = OFF, IGNORE_DUP_KEY = OFF, DROP_EXISTING = OFF, ONLINE = OFF, ALLOW_ROW_LOCKS  = ON, ALLOW_PAGE_LOCKS  = ON)
GO
SET ANSI_NULLS ON
GO
SET QUOTED_IDENTIFIER ON
GO
CREATE TABLE [uptea_ch].[DocumentosDeTramite](
	[Id] [uniqueidentifier] NOT NULL,
	[NombreDocumento] [nvarchar](max) COLLATE Latin1_General_CI_AS NOT NULL,
	[FechaSubida] [datetime] NULL,
	[Comentarios] [nvarchar](max) COLLATE Latin1_General_CI_AS NULL,
	[Estado] [nvarchar](max) COLLATE Latin1_General_CI_AS NULL,
	[Candidato_Id] [uniqueidentifier] NULL,
 CONSTRAINT [PK_uptea_ch.DocumentosDeTramite] PRIMARY KEY CLUSTERED 
(
	[Id] ASC
)WITH (PAD_INDEX  = OFF, STATISTICS_NORECOMPUTE  = OFF, IGNORE_DUP_KEY = OFF, ALLOW_ROW_LOCKS  = ON, ALLOW_PAGE_LOCKS  = ON)
)

GO

CREATE NONCLUSTERED INDEX [IX_Candidato_Id] ON [uptea_ch].[DocumentosDeTramite] 
(
	[Candidato_Id] ASC
)WITH (PAD_INDEX  = OFF, STATISTICS_NORECOMPUTE  = OFF, SORT_IN_TEMPDB = OFF, IGNORE_DUP_KEY = OFF, DROP_EXISTING = OFF, ONLINE = OFF, ALLOW_ROW_LOCKS  = ON, ALLOW_PAGE_LOCKS  = ON)
GO
SET ANSI_NULLS ON
GO
SET QUOTED_IDENTIFIER ON
GO
CREATE TABLE [dbo].[aspnet_Applications](
	[ApplicationName] [nvarchar](256) COLLATE Latin1_General_CI_AS NOT NULL,
	[LoweredApplicationName] [nvarchar](256) COLLATE Latin1_General_CI_AS NOT NULL,
	[ApplicationId] [uniqueidentifier] NOT NULL,
	[Description] [nvarchar](256) COLLATE Latin1_General_CI_AS NULL,
PRIMARY KEY NONCLUSTERED 
(
	[ApplicationId] ASC
)WITH (PAD_INDEX  = OFF, STATISTICS_NORECOMPUTE  = OFF, IGNORE_DUP_KEY = OFF, ALLOW_ROW_LOCKS  = ON, ALLOW_PAGE_LOCKS  = ON),
UNIQUE NONCLUSTERED 
(
	[LoweredApplicationName] ASC
)WITH (PAD_INDEX  = OFF, STATISTICS_NORECOMPUTE  = OFF, IGNORE_DUP_KEY = OFF, ALLOW_ROW_LOCKS  = ON, ALLOW_PAGE_LOCKS  = ON),
UNIQUE NONCLUSTERED 
(
	[ApplicationName] ASC
)WITH (PAD_INDEX  = OFF, STATISTICS_NORECOMPUTE  = OFF, IGNORE_DUP_KEY = OFF, ALLOW_ROW_LOCKS  = ON, ALLOW_PAGE_LOCKS  = ON)
)

GO

CREATE CLUSTERED INDEX [aspnet_Applications_Index] ON [dbo].[aspnet_Applications] 
(
	[LoweredApplicationName] ASC
)WITH (PAD_INDEX  = OFF, STATISTICS_NORECOMPUTE  = OFF, SORT_IN_TEMPDB = OFF, IGNORE_DUP_KEY = OFF, DROP_EXISTING = OFF, ONLINE = OFF, ALLOW_ROW_LOCKS  = ON, ALLOW_PAGE_LOCKS  = ON)
GO
INSERT [dbo].[aspnet_Applications] ([ApplicationName], [LoweredApplicationName], [ApplicationId], [Description]) VALUES (N'gadupin', N'gadupin', N'70e68b6b-ddd8-4575-88df-a6b674e6573a', NULL)
GO
SET ANSI_NULLS ON
GO
SET QUOTED_IDENTIFIER ON
GO
CREATE TABLE [dbo].[aspnet_WebEvent_Events](
	[EventId] [char](32) COLLATE Latin1_General_CI_AS NOT NULL,
	[EventTimeUtc] [datetime] NOT NULL,
	[EventTime] [datetime] NOT NULL,
	[EventType] [nvarchar](256) COLLATE Latin1_General_CI_AS NOT NULL,
	[EventSequence] [decimal](19, 0) NOT NULL,
	[EventOccurrence] [decimal](19, 0) NOT NULL,
	[EventCode] [int] NOT NULL,
	[EventDetailCode] [int] NOT NULL,
	[Message] [nvarchar](1024) COLLATE Latin1_General_CI_AS NULL,
	[ApplicationPath] [nvarchar](256) COLLATE Latin1_General_CI_AS NULL,
	[ApplicationVirtualPath] [nvarchar](256) COLLATE Latin1_General_CI_AS NULL,
	[MachineName] [nvarchar](256) COLLATE Latin1_General_CI_AS NOT NULL,
	[RequestUrl] [nvarchar](1024) COLLATE Latin1_General_CI_AS NULL,
	[ExceptionType] [nvarchar](256) COLLATE Latin1_General_CI_AS NULL,
	[Details] [ntext] COLLATE Latin1_General_CI_AS NULL,
PRIMARY KEY CLUSTERED 
(
	[EventId] ASC
)WITH (PAD_INDEX  = OFF, STATISTICS_NORECOMPUTE  = OFF, IGNORE_DUP_KEY = OFF, ALLOW_ROW_LOCKS  = ON, ALLOW_PAGE_LOCKS  = ON)
)

GO
SET ANSI_NULLS ON
GO
SET QUOTED_IDENTIFIER OFF
GO

CREATE PROCEDURE [dbo].aspnet_Setup_RestorePermissions
    @name   sysname
AS
BEGIN
    DECLARE @object sysname
    DECLARE @protectType char(10)
    DECLARE @action varchar(60)
    DECLARE @grantee sysname
    DECLARE @cmd nvarchar(500)
    DECLARE c1 cursor FORWARD_ONLY FOR
        SELECT Object, ProtectType, [Action], Grantee FROM #aspnet_Permissions where Object = @name

    OPEN c1

    FETCH c1 INTO @object, @protectType, @action, @grantee
    WHILE (@@fetch_status = 0)
    BEGIN
        SET @cmd = @protectType + ' ' + @action + ' on ' + @object + ' TO [' + @grantee + ']'
        EXEC (@cmd)
        FETCH c1 INTO @object, @protectType, @action, @grantee
    END

    CLOSE c1
    DEALLOCATE c1
END
GO
SET ANSI_NULLS ON
GO
SET QUOTED_IDENTIFIER OFF
GO

CREATE PROCEDURE [dbo].aspnet_Setup_RemoveAllRoleMembers
    @name   sysname
AS
BEGIN
    CREATE TABLE #aspnet_RoleMembers
    (
        Group_name      sysname,
        Group_id        smallint,
        Users_in_group  sysname,
        User_id         smallint
    )

    INSERT INTO #aspnet_RoleMembers
    EXEC sp_helpuser @name

    DECLARE @user_id smallint
    DECLARE @cmd nvarchar(500)
    DECLARE c1 cursor FORWARD_ONLY FOR
        SELECT User_id FROM #aspnet_RoleMembers

    OPEN c1

    FETCH c1 INTO @user_id
    WHILE (@@fetch_status = 0)
    BEGIN
        SET @cmd = 'EXEC sp_droprolemember ' + '''' + @name + ''', ''' + USER_NAME(@user_id) + ''''
        EXEC (@cmd)
        FETCH c1 INTO @user_id
    END

    CLOSE c1
    DEALLOCATE c1
END
GO
SET ANSI_NULLS ON
GO
SET QUOTED_IDENTIFIER ON
GO
CREATE TABLE [dbo].[aspnet_SchemaVersions](
	[Feature] [nvarchar](128) COLLATE Latin1_General_CI_AS NOT NULL,
	[CompatibleSchemaVersion] [nvarchar](128) COLLATE Latin1_General_CI_AS NOT NULL,
	[IsCurrentVersion] [bit] NOT NULL,
PRIMARY KEY CLUSTERED 
(
	[Feature] ASC,
	[CompatibleSchemaVersion] ASC
)WITH (PAD_INDEX  = OFF, STATISTICS_NORECOMPUTE  = OFF, IGNORE_DUP_KEY = OFF, ALLOW_ROW_LOCKS  = ON, ALLOW_PAGE_LOCKS  = ON)
)

GO
INSERT [dbo].[aspnet_SchemaVersions] ([Feature], [CompatibleSchemaVersion], [IsCurrentVersion]) VALUES (N'common', N'1', 1)
GO
INSERT [dbo].[aspnet_SchemaVersions] ([Feature], [CompatibleSchemaVersion], [IsCurrentVersion]) VALUES (N'health monitoring', N'1', 1)
GO
INSERT [dbo].[aspnet_SchemaVersions] ([Feature], [CompatibleSchemaVersion], [IsCurrentVersion]) VALUES (N'membership', N'1', 1)
GO
INSERT [dbo].[aspnet_SchemaVersions] ([Feature], [CompatibleSchemaVersion], [IsCurrentVersion]) VALUES (N'personalization', N'1', 1)
GO
INSERT [dbo].[aspnet_SchemaVersions] ([Feature], [CompatibleSchemaVersion], [IsCurrentVersion]) VALUES (N'profile', N'1', 1)
GO
INSERT [dbo].[aspnet_SchemaVersions] ([Feature], [CompatibleSchemaVersion], [IsCurrentVersion]) VALUES (N'role manager', N'1', 1)
GO
SET ANSI_NULLS ON
GO
SET QUOTED_IDENTIFIER ON
GO
CREATE TABLE [uptea_ch].[ComunidadesAutonomas](
	[Id] [uniqueidentifier] NOT NULL,
	[NombreComunidadAutonoma] [nvarchar](max) COLLATE Latin1_General_CI_AS NOT NULL,
 CONSTRAINT [PK_uptea_ch.ComunidadesAutonomas] PRIMARY KEY CLUSTERED 
(
	[Id] ASC
)WITH (PAD_INDEX  = OFF, STATISTICS_NORECOMPUTE  = OFF, IGNORE_DUP_KEY = OFF, ALLOW_ROW_LOCKS  = ON, ALLOW_PAGE_LOCKS  = ON)
)

GO
INSERT [uptea_ch].[ComunidadesAutonomas] ([Id], [NombreComunidadAutonoma]) VALUES (N'5873e2bd-0fbe-4c5b-8918-34e878017ad9', N'*Indiferente*')
GO
INSERT [uptea_ch].[ComunidadesAutonomas] ([Id], [NombreComunidadAutonoma]) VALUES (N'a5f47d56-fabe-4a4b-9a40-6b161a85f8b5', N'Pdo. de Asturias')
GO
INSERT [uptea_ch].[ComunidadesAutonomas] ([Id], [NombreComunidadAutonoma]) VALUES (N'a5f47d56-fabe-4a4b-9a40-6b161a85f8b6', N'País Vasco')
GO
INSERT [uptea_ch].[ComunidadesAutonomas] ([Id], [NombreComunidadAutonoma]) VALUES (N'3b85b456-0a8e-49e7-84ee-87c28e8c0111', N'Aragón')
GO
INSERT [uptea_ch].[ComunidadesAutonomas] ([Id], [NombreComunidadAutonoma]) VALUES (N'3b85b456-0a8e-49e7-84ee-87c28e8c0112', N'Cataluña')
GO
INSERT [uptea_ch].[ComunidadesAutonomas] ([Id], [NombreComunidadAutonoma]) VALUES (N'3b85b456-0a8e-49e7-84ee-87c28e8c01a1', N'Castilla Y León')
GO
INSERT [uptea_ch].[ComunidadesAutonomas] ([Id], [NombreComunidadAutonoma]) VALUES (N'3b85b456-0a8e-49e7-84ee-87c28e8c01b1', N'Castilla-La Mancha')
GO
INSERT [uptea_ch].[ComunidadesAutonomas] ([Id], [NombreComunidadAutonoma]) VALUES (N'3b85b456-0a8e-49e7-84ee-87c28e8c02c1', N'Ceuta')
GO
INSERT [uptea_ch].[ComunidadesAutonomas] ([Id], [NombreComunidadAutonoma]) VALUES (N'3b85b456-0a8e-49e7-84ee-87c28e8c03c1', N'Comunidad Valenciana')
GO
INSERT [uptea_ch].[ComunidadesAutonomas] ([Id], [NombreComunidadAutonoma]) VALUES (N'3b85b456-0a8e-49e7-84ee-87c28e8c04c1', N'Extremadura')
GO
INSERT [uptea_ch].[ComunidadesAutonomas] ([Id], [NombreComunidadAutonoma]) VALUES (N'3b85b456-0a8e-49e7-84ee-87c28e8c05c1', N'Galicia')
GO
INSERT [uptea_ch].[ComunidadesAutonomas] ([Id], [NombreComunidadAutonoma]) VALUES (N'3b85b456-0a8e-49e7-84ee-87c28e8c06c1', N'Illes Balears')
GO
INSERT [uptea_ch].[ComunidadesAutonomas] ([Id], [NombreComunidadAutonoma]) VALUES (N'3b85b456-0a8e-49e7-84ee-87c28e8c07c1', N'Islas Canarias')
GO
INSERT [uptea_ch].[ComunidadesAutonomas] ([Id], [NombreComunidadAutonoma]) VALUES (N'3b85b456-0a8e-49e7-84ee-87c28e8c08c1', N'La Rioja')
GO
INSERT [uptea_ch].[ComunidadesAutonomas] ([Id], [NombreComunidadAutonoma]) VALUES (N'3b85b456-0a8e-49e7-84ee-87c28e8c09c1', N'Melilla')
GO
INSERT [uptea_ch].[ComunidadesAutonomas] ([Id], [NombreComunidadAutonoma]) VALUES (N'3b85b456-0a8e-49e7-84ee-87c28e8c1ac1', N'Navarra')
GO
INSERT [uptea_ch].[ComunidadesAutonomas] ([Id], [NombreComunidadAutonoma]) VALUES (N'3b85b456-0a8e-49e7-84ee-87c28e8c4ac1', N'Región de Murcia')
GO
INSERT [uptea_ch].[ComunidadesAutonomas] ([Id], [NombreComunidadAutonoma]) VALUES (N'23421a51-d727-4368-8015-df1be07ce1a9', N'Comunidad de Madrid')
GO
INSERT [uptea_ch].[ComunidadesAutonomas] ([Id], [NombreComunidadAutonoma]) VALUES (N'255ebaa9-3503-4a3c-b6b8-ea5374dad18f', N'Andalucía')
GO
SET ANSI_NULLS ON
GO
SET QUOTED_IDENTIFIER ON
GO
CREATE TABLE [uptea_ch].[Admins](
	[Id] [uniqueidentifier] NOT NULL,
	[NombreAdmin] [nvarchar](max) COLLATE Latin1_General_CI_AS NULL,
	[Apellido1] [nvarchar](max) COLLATE Latin1_General_CI_AS NULL,
	[Apellido2] [nvarchar](max) COLLATE Latin1_General_CI_AS NULL,
	[Email] [nvarchar](max) COLLATE Latin1_General_CI_AS NULL,
	[TelefonoDeContacto] [nvarchar](max) COLLATE Latin1_General_CI_AS NULL,
	[Usuario] [nvarchar](max) COLLATE Latin1_General_CI_AS NULL,
	[Password] [nvarchar](max) COLLATE Latin1_General_CI_AS NULL,
 CONSTRAINT [PK_uptea_ch.Admins] PRIMARY KEY CLUSTERED 
(
	[Id] ASC
)WITH (PAD_INDEX  = OFF, STATISTICS_NORECOMPUTE  = OFF, IGNORE_DUP_KEY = OFF, ALLOW_ROW_LOCKS  = ON, ALLOW_PAGE_LOCKS  = ON)
)

GO
SET ANSI_NULLS ON
GO
SET QUOTED_IDENTIFIER ON
GO
CREATE TABLE [uptea_ch].[Nacionalidades](
	[Id] [uniqueidentifier] NOT NULL,
	[NombreNacionalidad] [nvarchar](max) COLLATE Latin1_General_CI_AS NOT NULL,
	[Visado] [bit] NOT NULL,
 CONSTRAINT [PK_uptea_ch.Nacionalidades] PRIMARY KEY CLUSTERED 
(
	[Id] ASC
)WITH (PAD_INDEX  = OFF, STATISTICS_NORECOMPUTE  = OFF, IGNORE_DUP_KEY = OFF, ALLOW_ROW_LOCKS  = ON, ALLOW_PAGE_LOCKS  = ON)
)

GO
INSERT [uptea_ch].[Nacionalidades] ([Id], [NombreNacionalidad], [Visado]) VALUES (N'c38ab775-1ed3-4dd7-98a0-a5dd2eace3d5', N'No indicada', 0)
GO
SET ANSI_NULLS ON
GO
SET QUOTED_IDENTIFIER ON
GO
CREATE TABLE [uptea_ch].[MotivosCierreFicha](
	[Id] [uniqueidentifier] NOT NULL,
	[Motivo] [nvarchar](max) COLLATE Latin1_General_CI_AS NULL,
 CONSTRAINT [PK_uptea_ch.MotivosCierreFicha] PRIMARY KEY CLUSTERED 
(
	[Id] ASC
)WITH (PAD_INDEX  = OFF, STATISTICS_NORECOMPUTE  = OFF, IGNORE_DUP_KEY = OFF, ALLOW_ROW_LOCKS  = ON, ALLOW_PAGE_LOCKS  = ON)
)

GO
INSERT [uptea_ch].[MotivosCierreFicha] ([Id], [Motivo]) VALUES (N'db7c9b1a-0cf9-46d4-a7ee-524532a87d8a', N'Lista Negra')
GO
INSERT [uptea_ch].[MotivosCierreFicha] ([Id], [Motivo]) VALUES (N'db7c9b1a-0cf9-46d4-a7ee-524532a87d8b', N'Volver a contactar')
GO
INSERT [uptea_ch].[MotivosCierreFicha] ([Id], [Motivo]) VALUES (N'db7c9b1a-0cf9-46d4-a7ee-524532a87d8c', N'Fin de término')
GO
INSERT [uptea_ch].[MotivosCierreFicha] ([Id], [Motivo]) VALUES (N'db7c9b1a-0cf9-46d4-a7ee-524532a87d8d', N'Autodescartado')
GO
INSERT [uptea_ch].[MotivosCierreFicha] ([Id], [Motivo]) VALUES (N'db7c9b1a-0cf9-46d4-a7ee-524532a87d8e', N'Rechazado')
GO
SET ANSI_NULLS ON
GO
SET QUOTED_IDENTIFIER ON
GO
CREATE TABLE [uptea_ch].[Experiencias](
	[Id] [uniqueidentifier] NOT NULL,
	[Colegio] [bit] NOT NULL,
	[Ninos] [bit] NOT NULL,
	[Academia] [bit] NOT NULL,
	[Up] [bit] NOT NULL,
	[Campamento] [bit] NOT NULL,
	[Adultos] [bit] NOT NULL,
	[Voluntariado] [bit] NOT NULL,
	[TEFL] [bit] NOT NULL,
	[Paises] [bit] NOT NULL,
 CONSTRAINT [PK_uptea_ch.Experiencias] PRIMARY KEY CLUSTERED 
(
	[Id] ASC
)WITH (PAD_INDEX  = OFF, STATISTICS_NORECOMPUTE  = OFF, IGNORE_DUP_KEY = OFF, ALLOW_ROW_LOCKS  = ON, ALLOW_PAGE_LOCKS  = ON)
)

GO
SET ANSI_NULLS ON
GO
SET QUOTED_IDENTIFIER ON
GO
CREATE TABLE [uptea_ch].[EtapasEducativas](
	[Id] [uniqueidentifier] NOT NULL,
	[EtapaEducativaNombre] [nvarchar](max) COLLATE Latin1_General_CI_AS NOT NULL,
 CONSTRAINT [PK_uptea_ch.EtapasEducativas] PRIMARY KEY CLUSTERED 
(
	[Id] ASC
)WITH (PAD_INDEX  = OFF, STATISTICS_NORECOMPUTE  = OFF, IGNORE_DUP_KEY = OFF, ALLOW_ROW_LOCKS  = ON, ALLOW_PAGE_LOCKS  = ON)
)

GO
INSERT [uptea_ch].[EtapasEducativas] ([Id], [EtapaEducativaNombre]) VALUES (N'3319a8b4-eb68-4055-b8ca-a8decc2189e8', N'*Indiferente*')
GO
SET ANSI_NULLS ON
GO
SET QUOTED_IDENTIFIER ON
GO
CREATE TABLE [uptea_ch].[Estatuses](
	[Id] [uniqueidentifier] NOT NULL,
	[EstatusNombre] [nvarchar](max) COLLATE Latin1_General_CI_AS NOT NULL,
 CONSTRAINT [PK_uptea_ch.Estatuses] PRIMARY KEY CLUSTERED 
(
	[Id] ASC
)WITH (PAD_INDEX  = OFF, STATISTICS_NORECOMPUTE  = OFF, IGNORE_DUP_KEY = OFF, ALLOW_ROW_LOCKS  = ON, ALLOW_PAGE_LOCKS  = ON)
)

GO
SET ANSI_NULLS ON
GO
SET QUOTED_IDENTIFIER ON
GO
CREATE TABLE [uptea_ch].[EstadosVisado](
	[Id] [uniqueidentifier] NOT NULL,
	[EstadoVisadoNombre] [nvarchar](max) COLLATE Latin1_General_CI_AS NOT NULL,
 CONSTRAINT [PK_uptea_ch.EstadosVisado] PRIMARY KEY CLUSTERED 
(
	[Id] ASC
)WITH (PAD_INDEX  = OFF, STATISTICS_NORECOMPUTE  = OFF, IGNORE_DUP_KEY = OFF, ALLOW_ROW_LOCKS  = ON, ALLOW_PAGE_LOCKS  = ON)
)

GO
INSERT [uptea_ch].[EstadosVisado] ([Id], [EstadoVisadoNombre]) VALUES (N'66ece39b-e566-4dc1-bcdb-4d5a48dce0fa', N'Concedido')
GO
INSERT [uptea_ch].[EstadosVisado] ([Id], [EstadoVisadoNombre]) VALUES (N'66ece39b-e566-4dc1-bcdb-4d5a48dce0fc', N'En tramite')
GO
INSERT [uptea_ch].[EstadosVisado] ([Id], [EstadoVisadoNombre]) VALUES (N'66ece39b-e566-4dc1-bcdb-4d5a48dce0fd', N'No necesario')
GO
INSERT [uptea_ch].[EstadosVisado] ([Id], [EstadoVisadoNombre]) VALUES (N'66ece39b-e566-4dc1-bcdb-4d5a48dce0fe', N'No concedido')
GO
SET ANSI_NULLS ON
GO
SET QUOTED_IDENTIFIER ON
GO
CREATE TABLE [uptea_ch].[Procedencias](
	[Id] [uniqueidentifier] NOT NULL,
	[NombreProcedencia] [nvarchar](max) COLLATE Latin1_General_CI_AS NOT NULL,
 CONSTRAINT [PK_uptea_ch.Procedencias] PRIMARY KEY CLUSTERED 
(
	[Id] ASC
)WITH (PAD_INDEX  = OFF, STATISTICS_NORECOMPUTE  = OFF, IGNORE_DUP_KEY = OFF, ALLOW_ROW_LOCKS  = ON, ALLOW_PAGE_LOCKS  = ON)
)

GO
INSERT [uptea_ch].[Procedencias] ([Id], [NombreProcedencia]) VALUES (N'76d08182-8560-496a-85a4-48c775d997ee', N'No indicado')
GO
SET ANSI_NULLS ON
GO
SET QUOTED_IDENTIFIER ON
GO
CREATE TABLE [uptea_ch].[UniversidadesDeRegistro](
	[Id] [uniqueidentifier] NOT NULL,
	[NombreUniversidadDeRegistro] [nvarchar](max) COLLATE Latin1_General_CI_AS NOT NULL,
	[Visible] [bit] NOT NULL,
 CONSTRAINT [PK_uptea_ch.UniversidadesDeRegistro] PRIMARY KEY CLUSTERED 
(
	[Id] ASC
)WITH (PAD_INDEX  = OFF, STATISTICS_NORECOMPUTE  = OFF, IGNORE_DUP_KEY = OFF, ALLOW_ROW_LOCKS  = ON, ALLOW_PAGE_LOCKS  = ON)
)

GO
INSERT [uptea_ch].[UniversidadesDeRegistro] ([Id], [NombreUniversidadDeRegistro], [Visible]) VALUES (N'154bebc5-a2a1-4034-976d-9e4efaddf7b4', N'Aún no registrado', 1)
GO
SET ANSI_NULLS ON
GO
SET QUOTED_IDENTIFIER ON
GO
CREATE TABLE [uptea_ch].[TiposAlojamientos](
	[Id] [uniqueidentifier] NOT NULL,
	[TipoAlojamientoNombre] [nvarchar](max) COLLATE Latin1_General_CI_AS NOT NULL,
 CONSTRAINT [PK_uptea_ch.TiposAlojamientos] PRIMARY KEY CLUSTERED 
(
	[Id] ASC
)WITH (PAD_INDEX  = OFF, STATISTICS_NORECOMPUTE  = OFF, IGNORE_DUP_KEY = OFF, ALLOW_ROW_LOCKS  = ON, ALLOW_PAGE_LOCKS  = ON)
)

GO
INSERT [uptea_ch].[TiposAlojamientos] ([Id], [TipoAlojamientoNombre]) VALUES (N'3319a8b4-eb68-4055-b8ca-a8decc2189a8', N'*Indiferente*')
GO
SET ANSI_NULLS ON
GO
SET QUOTED_IDENTIFIER ON
GO
CREATE TABLE [uptea_ch].[PreferenciasColegios](
	[Id] [uniqueidentifier] NOT NULL,
	[Comentarios] [nvarchar](max) COLLATE Latin1_General_CI_AS NULL,
	[EtapaEducativa_Id] [uniqueidentifier] NULL,
	[TipoDeAlojamiento_Id] [uniqueidentifier] NULL,
	[ComunidadAutonoma_Id] [uniqueidentifier] NULL,
	[Provincia_Id] [uniqueidentifier] NULL,
	[Candidato_Id] [uniqueidentifier] NULL,
 CONSTRAINT [PK_uptea_ch.PreferenciasColegios] PRIMARY KEY CLUSTERED 
(
	[Id] ASC
)WITH (PAD_INDEX  = OFF, STATISTICS_NORECOMPUTE  = OFF, IGNORE_DUP_KEY = OFF, ALLOW_ROW_LOCKS  = ON, ALLOW_PAGE_LOCKS  = ON)
)

GO

CREATE NONCLUSTERED INDEX [IX_Candidato_Id] ON [uptea_ch].[PreferenciasColegios] 
(
	[Candidato_Id] ASC
)WITH (PAD_INDEX  = OFF, STATISTICS_NORECOMPUTE  = OFF, SORT_IN_TEMPDB = OFF, IGNORE_DUP_KEY = OFF, DROP_EXISTING = OFF, ONLINE = OFF, ALLOW_ROW_LOCKS  = ON, ALLOW_PAGE_LOCKS  = ON)
GO

CREATE NONCLUSTERED INDEX [IX_ComunidadAutonoma_Id] ON [uptea_ch].[PreferenciasColegios] 
(
	[ComunidadAutonoma_Id] ASC
)WITH (PAD_INDEX  = OFF, STATISTICS_NORECOMPUTE  = OFF, SORT_IN_TEMPDB = OFF, IGNORE_DUP_KEY = OFF, DROP_EXISTING = OFF, ONLINE = OFF, ALLOW_ROW_LOCKS  = ON, ALLOW_PAGE_LOCKS  = ON)
GO

CREATE NONCLUSTERED INDEX [IX_EtapaEducativa_Id] ON [uptea_ch].[PreferenciasColegios] 
(
	[EtapaEducativa_Id] ASC
)WITH (PAD_INDEX  = OFF, STATISTICS_NORECOMPUTE  = OFF, SORT_IN_TEMPDB = OFF, IGNORE_DUP_KEY = OFF, DROP_EXISTING = OFF, ONLINE = OFF, ALLOW_ROW_LOCKS  = ON, ALLOW_PAGE_LOCKS  = ON)
GO

CREATE NONCLUSTERED INDEX [IX_Provincia_Id] ON [uptea_ch].[PreferenciasColegios] 
(
	[Provincia_Id] ASC
)WITH (PAD_INDEX  = OFF, STATISTICS_NORECOMPUTE  = OFF, SORT_IN_TEMPDB = OFF, IGNORE_DUP_KEY = OFF, DROP_EXISTING = OFF, ONLINE = OFF, ALLOW_ROW_LOCKS  = ON, ALLOW_PAGE_LOCKS  = ON)
GO

CREATE NONCLUSTERED INDEX [IX_TipoDeAlojamiento_Id] ON [uptea_ch].[PreferenciasColegios] 
(
	[TipoDeAlojamiento_Id] ASC
)WITH (PAD_INDEX  = OFF, STATISTICS_NORECOMPUTE  = OFF, SORT_IN_TEMPDB = OFF, IGNORE_DUP_KEY = OFF, DROP_EXISTING = OFF, ONLINE = OFF, ALLOW_ROW_LOCKS  = ON, ALLOW_PAGE_LOCKS  = ON)
GO
SET ANSI_NULLS ON
GO
SET QUOTED_IDENTIFIER ON
GO
CREATE TABLE [uptea_ch].[Provincias](
	[Id] [uniqueidentifier] NOT NULL,
	[NombreProvincia] [nvarchar](max) COLLATE Latin1_General_CI_AS NOT NULL,
	[ComunidadAutonomaId] [uniqueidentifier] NOT NULL,
 CONSTRAINT [PK_uptea_ch.Provincias] PRIMARY KEY CLUSTERED 
(
	[Id] ASC
)WITH (PAD_INDEX  = OFF, STATISTICS_NORECOMPUTE  = OFF, IGNORE_DUP_KEY = OFF, ALLOW_ROW_LOCKS  = ON, ALLOW_PAGE_LOCKS  = ON)
)

GO

CREATE NONCLUSTERED INDEX [IX_ComunidadAutonomaId] ON [uptea_ch].[Provincias] 
(
	[ComunidadAutonomaId] ASC
)WITH (PAD_INDEX  = OFF, STATISTICS_NORECOMPUTE  = OFF, SORT_IN_TEMPDB = OFF, IGNORE_DUP_KEY = OFF, DROP_EXISTING = OFF, ONLINE = OFF, ALLOW_ROW_LOCKS  = ON, ALLOW_PAGE_LOCKS  = ON)
GO
INSERT [uptea_ch].[Provincias] ([Id], [NombreProvincia], [ComunidadAutonomaId]) VALUES (N'5873e2bd-0fbe-4c5b-8918-34e878017ad8', N'*Indiferente*', N'5873e2bd-0fbe-4c5b-8918-34e878017ad9')
GO
INSERT [uptea_ch].[Provincias] ([Id], [NombreProvincia], [ComunidadAutonomaId]) VALUES (N'3b85b456-0a8e-49e7-84ee-87c28e8c02c2', N'Ceuta', N'3b85b456-0a8e-49e7-84ee-87c28e8c02c1')
GO
INSERT [uptea_ch].[Provincias] ([Id], [NombreProvincia], [ComunidadAutonomaId]) VALUES (N'3b85b456-0a8e-49e7-84ee-87c28e8c03c2', N'Alicante', N'3b85b456-0a8e-49e7-84ee-87c28e8c03c1')
GO
INSERT [uptea_ch].[Provincias] ([Id], [NombreProvincia], [ComunidadAutonomaId]) VALUES (N'3b85b456-0a8e-49e7-84ee-87c28e8c03c3', N'Castellón', N'3b85b456-0a8e-49e7-84ee-87c28e8c03c1')
GO
INSERT [uptea_ch].[Provincias] ([Id], [NombreProvincia], [ComunidadAutonomaId]) VALUES (N'3b85b456-0a8e-49e7-84ee-87c28e8c03c4', N'Valencia', N'3b85b456-0a8e-49e7-84ee-87c28e8c03c1')
GO
INSERT [uptea_ch].[Provincias] ([Id], [NombreProvincia], [ComunidadAutonomaId]) VALUES (N'3b85b456-0a8e-49e7-84ee-87c28e8c04c2', N'Badajoz', N'3b85b456-0a8e-49e7-84ee-87c28e8c04c1')
GO
INSERT [uptea_ch].[Provincias] ([Id], [NombreProvincia], [ComunidadAutonomaId]) VALUES (N'3b85b456-0a8e-49e7-84ee-87c28e8c04c3', N'Cáceres', N'3b85b456-0a8e-49e7-84ee-87c28e8c04c1')
GO
INSERT [uptea_ch].[Provincias] ([Id], [NombreProvincia], [ComunidadAutonomaId]) VALUES (N'3b85b456-0a8e-49e7-84ee-87c28e8c05c2', N'A Coruña', N'3b85b456-0a8e-49e7-84ee-87c28e8c05c1')
GO
INSERT [uptea_ch].[Provincias] ([Id], [NombreProvincia], [ComunidadAutonomaId]) VALUES (N'3b85b456-0a8e-49e7-84ee-87c28e8c05c3', N'Lugo', N'3b85b456-0a8e-49e7-84ee-87c28e8c05c1')
GO
INSERT [uptea_ch].[Provincias] ([Id], [NombreProvincia], [ComunidadAutonomaId]) VALUES (N'3b85b456-0a8e-49e7-84ee-87c28e8c05c4', N'Ourense', N'3b85b456-0a8e-49e7-84ee-87c28e8c05c1')
GO
INSERT [uptea_ch].[Provincias] ([Id], [NombreProvincia], [ComunidadAutonomaId]) VALUES (N'3b85b456-0a8e-49e7-84ee-87c28e8c05c5', N'Pontevedra', N'3b85b456-0a8e-49e7-84ee-87c28e8c05c1')
GO
INSERT [uptea_ch].[Provincias] ([Id], [NombreProvincia], [ComunidadAutonomaId]) VALUES (N'3b85b456-0a8e-49e7-84ee-87c28e8c06c2', N'Baleares', N'3b85b456-0a8e-49e7-84ee-87c28e8c06c1')
GO
INSERT [uptea_ch].[Provincias] ([Id], [NombreProvincia], [ComunidadAutonomaId]) VALUES (N'3b85b456-0a8e-49e7-84ee-87c28e8c07c2', N'Las Palmas', N'3b85b456-0a8e-49e7-84ee-87c28e8c07c1')
GO
INSERT [uptea_ch].[Provincias] ([Id], [NombreProvincia], [ComunidadAutonomaId]) VALUES (N'3b85b456-0a8e-49e7-84ee-87c28e8c07c3', N'Sta. Cruz De Tenerife', N'3b85b456-0a8e-49e7-84ee-87c28e8c07c1')
GO
INSERT [uptea_ch].[Provincias] ([Id], [NombreProvincia], [ComunidadAutonomaId]) VALUES (N'3b85b456-0a8e-49e7-84ee-87c28e8c08c2', N'La Rioja', N'3b85b456-0a8e-49e7-84ee-87c28e8c08c1')
GO
INSERT [uptea_ch].[Provincias] ([Id], [NombreProvincia], [ComunidadAutonomaId]) VALUES (N'3b85b456-0a8e-49e7-84ee-87c28e8c09c2', N'Melilla', N'3b85b456-0a8e-49e7-84ee-87c28e8c09c1')
GO
INSERT [uptea_ch].[Provincias] ([Id], [NombreProvincia], [ComunidadAutonomaId]) VALUES (N'3b85b456-0a8e-49e7-84ee-87c28e8c0a11', N'Zaragoza', N'3b85b456-0a8e-49e7-84ee-87c28e8c0111')
GO
INSERT [uptea_ch].[Provincias] ([Id], [NombreProvincia], [ComunidadAutonomaId]) VALUES (N'3b85b456-0a8e-49e7-84ee-87c28e8c0a12', N'Huesca', N'3b85b456-0a8e-49e7-84ee-87c28e8c0111')
GO
INSERT [uptea_ch].[Provincias] ([Id], [NombreProvincia], [ComunidadAutonomaId]) VALUES (N'3b85b456-0a8e-49e7-84ee-87c28e8c0a13', N'Teruel', N'3b85b456-0a8e-49e7-84ee-87c28e8c0111')
GO
INSERT [uptea_ch].[Provincias] ([Id], [NombreProvincia], [ComunidadAutonomaId]) VALUES (N'3b85b456-0a8e-49e7-84ee-87c28e8c0a21', N'Lérida', N'3b85b456-0a8e-49e7-84ee-87c28e8c0112')
GO
INSERT [uptea_ch].[Provincias] ([Id], [NombreProvincia], [ComunidadAutonomaId]) VALUES (N'3b85b456-0a8e-49e7-84ee-87c28e8c0a22', N'Gerona', N'3b85b456-0a8e-49e7-84ee-87c28e8c0112')
GO
INSERT [uptea_ch].[Provincias] ([Id], [NombreProvincia], [ComunidadAutonomaId]) VALUES (N'3b85b456-0a8e-49e7-84ee-87c28e8c0a23', N'Tarragona', N'3b85b456-0a8e-49e7-84ee-87c28e8c0112')
GO
INSERT [uptea_ch].[Provincias] ([Id], [NombreProvincia], [ComunidadAutonomaId]) VALUES (N'3b85b456-0a8e-49e7-84ee-87c28e8c0a24', N'Barcelona', N'3b85b456-0a8e-49e7-84ee-87c28e8c0112')
GO
INSERT [uptea_ch].[Provincias] ([Id], [NombreProvincia], [ComunidadAutonomaId]) VALUES (N'3b85b456-0a8e-49e7-84ee-87c28e8c0aa1', N'Ávila', N'3b85b456-0a8e-49e7-84ee-87c28e8c01a1')
GO
INSERT [uptea_ch].[Provincias] ([Id], [NombreProvincia], [ComunidadAutonomaId]) VALUES (N'3b85b456-0a8e-49e7-84ee-87c28e8c0aa2', N'Burgos', N'3b85b456-0a8e-49e7-84ee-87c28e8c01a1')
GO
INSERT [uptea_ch].[Provincias] ([Id], [NombreProvincia], [ComunidadAutonomaId]) VALUES (N'3b85b456-0a8e-49e7-84ee-87c28e8c0aa3', N'León', N'3b85b456-0a8e-49e7-84ee-87c28e8c01a1')
GO
INSERT [uptea_ch].[Provincias] ([Id], [NombreProvincia], [ComunidadAutonomaId]) VALUES (N'3b85b456-0a8e-49e7-84ee-87c28e8c0aa4', N'Palencia', N'3b85b456-0a8e-49e7-84ee-87c28e8c01a1')
GO
INSERT [uptea_ch].[Provincias] ([Id], [NombreProvincia], [ComunidadAutonomaId]) VALUES (N'3b85b456-0a8e-49e7-84ee-87c28e8c0aa5', N'Salamanca', N'3b85b456-0a8e-49e7-84ee-87c28e8c01a1')
GO
INSERT [uptea_ch].[Provincias] ([Id], [NombreProvincia], [ComunidadAutonomaId]) VALUES (N'3b85b456-0a8e-49e7-84ee-87c28e8c0aa6', N'Segovia', N'3b85b456-0a8e-49e7-84ee-87c28e8c01a1')
GO
INSERT [uptea_ch].[Provincias] ([Id], [NombreProvincia], [ComunidadAutonomaId]) VALUES (N'3b85b456-0a8e-49e7-84ee-87c28e8c0aa7', N'Soria', N'3b85b456-0a8e-49e7-84ee-87c28e8c01a1')
GO
INSERT [uptea_ch].[Provincias] ([Id], [NombreProvincia], [ComunidadAutonomaId]) VALUES (N'3b85b456-0a8e-49e7-84ee-87c28e8c0aa8', N'Valladolid', N'3b85b456-0a8e-49e7-84ee-87c28e8c01a1')
GO
INSERT [uptea_ch].[Provincias] ([Id], [NombreProvincia], [ComunidadAutonomaId]) VALUES (N'3b85b456-0a8e-49e7-84ee-87c28e8c0aa9', N'Zamora', N'3b85b456-0a8e-49e7-84ee-87c28e8c01a1')
GO
INSERT [uptea_ch].[Provincias] ([Id], [NombreProvincia], [ComunidadAutonomaId]) VALUES (N'3b85b456-0a8e-49e7-84ee-87c28e8c0ab1', N'Albacete', N'3b85b456-0a8e-49e7-84ee-87c28e8c01b1')
GO
INSERT [uptea_ch].[Provincias] ([Id], [NombreProvincia], [ComunidadAutonomaId]) VALUES (N'3b85b456-0a8e-49e7-84ee-87c28e8c0ab2', N'Ciudad Real', N'3b85b456-0a8e-49e7-84ee-87c28e8c01b1')
GO
INSERT [uptea_ch].[Provincias] ([Id], [NombreProvincia], [ComunidadAutonomaId]) VALUES (N'3b85b456-0a8e-49e7-84ee-87c28e8c0ab3', N'Cuenca', N'3b85b456-0a8e-49e7-84ee-87c28e8c01b1')
GO
INSERT [uptea_ch].[Provincias] ([Id], [NombreProvincia], [ComunidadAutonomaId]) VALUES (N'3b85b456-0a8e-49e7-84ee-87c28e8c0ab4', N'Guadalajara', N'3b85b456-0a8e-49e7-84ee-87c28e8c01b1')
GO
INSERT [uptea_ch].[Provincias] ([Id], [NombreProvincia], [ComunidadAutonomaId]) VALUES (N'3b85b456-0a8e-49e7-84ee-87c28e8c0ab5', N'Toledo', N'3b85b456-0a8e-49e7-84ee-87c28e8c01b1')
GO
INSERT [uptea_ch].[Provincias] ([Id], [NombreProvincia], [ComunidadAutonomaId]) VALUES (N'3b85b456-0a8e-49e7-84ee-87c28e8c1ac2', N'Navarra', N'3b85b456-0a8e-49e7-84ee-87c28e8c1ac1')
GO
INSERT [uptea_ch].[Provincias] ([Id], [NombreProvincia], [ComunidadAutonomaId]) VALUES (N'3b85b456-0a8e-49e7-84ee-87c28e8c2ac2', N'Alava', N'a5f47d56-fabe-4a4b-9a40-6b161a85f8b6')
GO
INSERT [uptea_ch].[Provincias] ([Id], [NombreProvincia], [ComunidadAutonomaId]) VALUES (N'3b85b456-0a8e-49e7-84ee-87c28e8c2ac3', N'Guipuzcoa', N'a5f47d56-fabe-4a4b-9a40-6b161a85f8b6')
GO
INSERT [uptea_ch].[Provincias] ([Id], [NombreProvincia], [ComunidadAutonomaId]) VALUES (N'3b85b456-0a8e-49e7-84ee-87c28e8c2ac4', N'Vizcaya', N'a5f47d56-fabe-4a4b-9a40-6b161a85f8b6')
GO
INSERT [uptea_ch].[Provincias] ([Id], [NombreProvincia], [ComunidadAutonomaId]) VALUES (N'3b85b456-0a8e-49e7-84ee-87c28e8c3ac2', N'Álava', N'a5f47d56-fabe-4a4b-9a40-6b161a85f8b5')
GO
INSERT [uptea_ch].[Provincias] ([Id], [NombreProvincia], [ComunidadAutonomaId]) VALUES (N'3b85b456-0a8e-49e7-84ee-87c28e8c4ac2', N'Murcia', N'3b85b456-0a8e-49e7-84ee-87c28e8c4ac1')
GO
INSERT [uptea_ch].[Provincias] ([Id], [NombreProvincia], [ComunidadAutonomaId]) VALUES (N'37d9ff8c-6d4d-4e14-a6d2-9abb9ecb6fd1', N'Cádiz', N'255ebaa9-3503-4a3c-b6b8-ea5374dad18f')
GO
INSERT [uptea_ch].[Provincias] ([Id], [NombreProvincia], [ComunidadAutonomaId]) VALUES (N'37d9ff8c-6d4d-4e14-a6d2-9abb9ecb6fd2', N'Córdoba', N'255ebaa9-3503-4a3c-b6b8-ea5374dad18f')
GO
INSERT [uptea_ch].[Provincias] ([Id], [NombreProvincia], [ComunidadAutonomaId]) VALUES (N'37d9ff8c-6d4d-4e14-a6d2-9abb9ecb6fd3', N'Granada', N'255ebaa9-3503-4a3c-b6b8-ea5374dad18f')
GO
INSERT [uptea_ch].[Provincias] ([Id], [NombreProvincia], [ComunidadAutonomaId]) VALUES (N'37d9ff8c-6d4d-4e14-a6d2-9abb9ecb6fd4', N'Huelva', N'255ebaa9-3503-4a3c-b6b8-ea5374dad18f')
GO
INSERT [uptea_ch].[Provincias] ([Id], [NombreProvincia], [ComunidadAutonomaId]) VALUES (N'37d9ff8c-6d4d-4e14-a6d2-9abb9ecb6fd5', N'Jaén', N'255ebaa9-3503-4a3c-b6b8-ea5374dad18f')
GO
INSERT [uptea_ch].[Provincias] ([Id], [NombreProvincia], [ComunidadAutonomaId]) VALUES (N'37d9ff8c-6d4d-4e14-a6d2-9abb9ecb6fd6', N'Málaga', N'255ebaa9-3503-4a3c-b6b8-ea5374dad18f')
GO
INSERT [uptea_ch].[Provincias] ([Id], [NombreProvincia], [ComunidadAutonomaId]) VALUES (N'37d9ff8c-6d4d-4e14-a6d2-9abb9ecb6fd7', N'Sevilla', N'255ebaa9-3503-4a3c-b6b8-ea5374dad18f')
GO
INSERT [uptea_ch].[Provincias] ([Id], [NombreProvincia], [ComunidadAutonomaId]) VALUES (N'37d9ff8c-6d4d-4e14-a6d2-9abb9ecb6fde', N'Almería', N'255ebaa9-3503-4a3c-b6b8-ea5374dad18f')
GO
INSERT [uptea_ch].[Provincias] ([Id], [NombreProvincia], [ComunidadAutonomaId]) VALUES (N'23421a51-d727-4368-8015-df1be07ce1a8', N'Madrid', N'23421a51-d727-4368-8015-df1be07ce1a9')
GO
SET ANSI_NULLS ON
GO
SET QUOTED_IDENTIFIER OFF
GO

  CREATE VIEW [dbo].[vw_aspnet_Applications]
  AS SELECT [dbo].[aspnet_Applications].[ApplicationName], [dbo].[aspnet_Applications].[LoweredApplicationName], [dbo].[aspnet_Applications].[ApplicationId], [dbo].[aspnet_Applications].[Description]
  FROM [dbo].[aspnet_Applications]
  
GO
SET ANSI_NULLS ON
GO
SET QUOTED_IDENTIFIER ON
GO
CREATE TABLE [uptea_ch].[Encargados](
	[Id] [uniqueidentifier] NOT NULL,
	[DNI] [nvarchar](max) COLLATE Latin1_General_CI_AS NULL,
	[Nombre] [nvarchar](max) COLLATE Latin1_General_CI_AS NOT NULL,
	[Apellido1] [nvarchar](max) COLLATE Latin1_General_CI_AS NOT NULL,
	[Apellido2] [nvarchar](max) COLLATE Latin1_General_CI_AS NULL,
	[Email] [nvarchar](max) COLLATE Latin1_General_CI_AS NOT NULL,
	[TelefonoDeContacto] [nvarchar](max) COLLATE Latin1_General_CI_AS NOT NULL,
	[EsContactoPrincipal] [bit] NOT NULL,
	[ComunidadAutonoma_Id] [uniqueidentifier] NULL,
 CONSTRAINT [PK_uptea_ch.Encargados] PRIMARY KEY CLUSTERED 
(
	[Id] ASC
)WITH (PAD_INDEX  = OFF, STATISTICS_NORECOMPUTE  = OFF, IGNORE_DUP_KEY = OFF, ALLOW_ROW_LOCKS  = ON, ALLOW_PAGE_LOCKS  = ON)
)

GO

CREATE NONCLUSTERED INDEX [IX_ComunidadAutonoma_Id] ON [uptea_ch].[Encargados] 
(
	[ComunidadAutonoma_Id] ASC
)WITH (PAD_INDEX  = OFF, STATISTICS_NORECOMPUTE  = OFF, SORT_IN_TEMPDB = OFF, IGNORE_DUP_KEY = OFF, DROP_EXISTING = OFF, ONLINE = OFF, ALLOW_ROW_LOCKS  = ON, ALLOW_PAGE_LOCKS  = ON)
GO
SET ANSI_NULLS ON
GO
SET QUOTED_IDENTIFIER OFF
GO
CREATE PROCEDURE dbo.aspnet_WebEvent_LogEvent
        @EventId         char(32),
        @EventTimeUtc    datetime,
        @EventTime       datetime,
        @EventType       nvarchar(256),
        @EventSequence   decimal(19,0),
        @EventOccurrence decimal(19,0),
        @EventCode       int,
        @EventDetailCode int,
        @Message         nvarchar(1024),
        @ApplicationPath nvarchar(256),
        @ApplicationVirtualPath nvarchar(256),
        @MachineName    nvarchar(256),
        @RequestUrl      nvarchar(1024),
        @ExceptionType   nvarchar(256),
        @Details         ntext
AS
BEGIN
    INSERT
        dbo.aspnet_WebEvent_Events
        (
            EventId,
            EventTimeUtc,
            EventTime,
            EventType,
            EventSequence,
            EventOccurrence,
            EventCode,
            EventDetailCode,
            Message,
            ApplicationPath,
            ApplicationVirtualPath,
            MachineName,
            RequestUrl,
            ExceptionType,
            Details
        )
    VALUES
    (
        @EventId,
        @EventTimeUtc,
        @EventTime,
        @EventType,
        @EventSequence,
        @EventOccurrence,
        @EventCode,
        @EventDetailCode,
        @Message,
        @ApplicationPath,
        @ApplicationVirtualPath,
        @MachineName,
        @RequestUrl,
        @ExceptionType,
        @Details
    )
END
GO
SET ANSI_NULLS ON
GO
SET QUOTED_IDENTIFIER ON
GO
CREATE TABLE [dbo].[aspnet_Users](
	[ApplicationId] [uniqueidentifier] NOT NULL,
	[UserId] [uniqueidentifier] NOT NULL,
	[UserName] [nvarchar](256) COLLATE Latin1_General_CI_AS NOT NULL,
	[LoweredUserName] [nvarchar](256) COLLATE Latin1_General_CI_AS NOT NULL,
	[MobileAlias] [nvarchar](16) COLLATE Latin1_General_CI_AS NULL,
	[IsAnonymous] [bit] NOT NULL,
	[LastActivityDate] [datetime] NOT NULL,
PRIMARY KEY NONCLUSTERED 
(
	[UserId] ASC
)WITH (PAD_INDEX  = OFF, STATISTICS_NORECOMPUTE  = OFF, IGNORE_DUP_KEY = OFF, ALLOW_ROW_LOCKS  = ON, ALLOW_PAGE_LOCKS  = ON)
)

GO

CREATE UNIQUE CLUSTERED INDEX [aspnet_Users_Index] ON [dbo].[aspnet_Users] 
(
	[ApplicationId] ASC,
	[LoweredUserName] ASC
)WITH (PAD_INDEX  = OFF, STATISTICS_NORECOMPUTE  = OFF, SORT_IN_TEMPDB = OFF, IGNORE_DUP_KEY = OFF, DROP_EXISTING = OFF, ONLINE = OFF, ALLOW_ROW_LOCKS  = ON, ALLOW_PAGE_LOCKS  = ON)
GO

CREATE NONCLUSTERED INDEX [aspnet_Users_Index2] ON [dbo].[aspnet_Users] 
(
	[ApplicationId] ASC,
	[LastActivityDate] ASC
)WITH (PAD_INDEX  = OFF, STATISTICS_NORECOMPUTE  = OFF, SORT_IN_TEMPDB = OFF, IGNORE_DUP_KEY = OFF, DROP_EXISTING = OFF, ONLINE = OFF, ALLOW_ROW_LOCKS  = ON, ALLOW_PAGE_LOCKS  = ON)
GO
INSERT [dbo].[aspnet_Users] ([ApplicationId], [UserId], [UserName], [LoweredUserName], [MobileAlias], [IsAnonymous], [LastActivityDate]) VALUES (N'70e68b6b-ddd8-4575-88df-a6b674e6573a', N'ae90d035-3213-4100-859c-bb68430591f9', N'diego', N'diego', NULL, 0, CAST(0x0000A43600F7D5F6 AS DateTime))
GO
SET ANSI_NULLS ON
GO
SET QUOTED_IDENTIFIER OFF
GO

CREATE PROCEDURE [dbo].aspnet_UnRegisterSchemaVersion
    @Feature                   nvarchar(128),
    @CompatibleSchemaVersion   nvarchar(128)
AS
BEGIN
    DELETE FROM dbo.aspnet_SchemaVersions
        WHERE   Feature = LOWER(@Feature) AND @CompatibleSchemaVersion = CompatibleSchemaVersion
END
GO
SET ANSI_NULLS ON
GO
SET QUOTED_IDENTIFIER OFF
GO

CREATE PROCEDURE [dbo].aspnet_CheckSchemaVersion
    @Feature                   nvarchar(128),
    @CompatibleSchemaVersion   nvarchar(128)
AS
BEGIN
    IF (EXISTS( SELECT  *
                FROM    dbo.aspnet_SchemaVersions
                WHERE   Feature = LOWER( @Feature ) AND
                        CompatibleSchemaVersion = @CompatibleSchemaVersion ))
        RETURN 0

    RETURN 1
END
GO
SET ANSI_NULLS ON
GO
SET QUOTED_IDENTIFIER OFF
GO

CREATE PROCEDURE [dbo].aspnet_Applications_CreateApplication
    @ApplicationName      nvarchar(256),
    @ApplicationId        uniqueidentifier OUTPUT
AS
BEGIN
    SELECT  @ApplicationId = ApplicationId FROM dbo.aspnet_Applications WHERE LOWER(@ApplicationName) = LoweredApplicationName

    IF(@ApplicationId IS NULL)
    BEGIN
        DECLARE @TranStarted   bit
        SET @TranStarted = 0

        IF( @@TRANCOUNT = 0 )
        BEGIN
	        BEGIN TRANSACTION
	        SET @TranStarted = 1
        END
        ELSE
    	    SET @TranStarted = 0

        SELECT  @ApplicationId = ApplicationId
        FROM dbo.aspnet_Applications WITH (UPDLOCK, HOLDLOCK)
        WHERE LOWER(@ApplicationName) = LoweredApplicationName

        IF(@ApplicationId IS NULL)
        BEGIN
            SELECT  @ApplicationId = NEWID()
            INSERT  dbo.aspnet_Applications (ApplicationId, ApplicationName, LoweredApplicationName)
            VALUES  (@ApplicationId, @ApplicationName, LOWER(@ApplicationName))
        END


        IF( @TranStarted = 1 )
        BEGIN
            IF(@@ERROR = 0)
            BEGIN
	        SET @TranStarted = 0
	        COMMIT TRANSACTION
            END
            ELSE
            BEGIN
                SET @TranStarted = 0
                ROLLBACK TRANSACTION
            END
        END
    END
END
GO
SET ANSI_NULLS ON
GO
SET QUOTED_IDENTIFIER ON
GO
CREATE TABLE [dbo].[aspnet_Paths](
	[ApplicationId] [uniqueidentifier] NOT NULL,
	[PathId] [uniqueidentifier] NOT NULL,
	[Path] [nvarchar](256) COLLATE Latin1_General_CI_AS NOT NULL,
	[LoweredPath] [nvarchar](256) COLLATE Latin1_General_CI_AS NOT NULL,
PRIMARY KEY NONCLUSTERED 
(
	[PathId] ASC
)WITH (PAD_INDEX  = OFF, STATISTICS_NORECOMPUTE  = OFF, IGNORE_DUP_KEY = OFF, ALLOW_ROW_LOCKS  = ON, ALLOW_PAGE_LOCKS  = ON)
)

GO

CREATE UNIQUE CLUSTERED INDEX [aspnet_Paths_index] ON [dbo].[aspnet_Paths] 
(
	[ApplicationId] ASC,
	[LoweredPath] ASC
)WITH (PAD_INDEX  = OFF, STATISTICS_NORECOMPUTE  = OFF, SORT_IN_TEMPDB = OFF, IGNORE_DUP_KEY = OFF, DROP_EXISTING = OFF, ONLINE = OFF, ALLOW_ROW_LOCKS  = ON, ALLOW_PAGE_LOCKS  = ON)
GO
SET ANSI_NULLS ON
GO
SET QUOTED_IDENTIFIER OFF
GO
CREATE PROCEDURE dbo.aspnet_Personalization_GetApplicationId (
    @ApplicationName NVARCHAR(256),
    @ApplicationId UNIQUEIDENTIFIER OUT)
AS
BEGIN
    SELECT @ApplicationId = ApplicationId FROM dbo.aspnet_Applications WHERE LOWER(@ApplicationName) = LoweredApplicationName
END
GO
SET ANSI_NULLS ON
GO
SET QUOTED_IDENTIFIER ON
GO
CREATE TABLE [dbo].[aspnet_Roles](
	[ApplicationId] [uniqueidentifier] NOT NULL,
	[RoleId] [uniqueidentifier] NOT NULL,
	[RoleName] [nvarchar](256) COLLATE Latin1_General_CI_AS NOT NULL,
	[LoweredRoleName] [nvarchar](256) COLLATE Latin1_General_CI_AS NOT NULL,
	[Description] [nvarchar](256) COLLATE Latin1_General_CI_AS NULL,
PRIMARY KEY NONCLUSTERED 
(
	[RoleId] ASC
)WITH (PAD_INDEX  = OFF, STATISTICS_NORECOMPUTE  = OFF, IGNORE_DUP_KEY = OFF, ALLOW_ROW_LOCKS  = ON, ALLOW_PAGE_LOCKS  = ON)
)

GO

CREATE UNIQUE CLUSTERED INDEX [aspnet_Roles_index1] ON [dbo].[aspnet_Roles] 
(
	[ApplicationId] ASC,
	[LoweredRoleName] ASC
)WITH (PAD_INDEX  = OFF, STATISTICS_NORECOMPUTE  = OFF, SORT_IN_TEMPDB = OFF, IGNORE_DUP_KEY = OFF, DROP_EXISTING = OFF, ONLINE = OFF, ALLOW_ROW_LOCKS  = ON, ALLOW_PAGE_LOCKS  = ON)
GO
SET ANSI_NULLS ON
GO
SET QUOTED_IDENTIFIER OFF
GO

CREATE PROCEDURE [dbo].aspnet_RegisterSchemaVersion
    @Feature                   nvarchar(128),
    @CompatibleSchemaVersion   nvarchar(128),
    @IsCurrentVersion          bit,
    @RemoveIncompatibleSchema  bit
AS
BEGIN
    IF( @RemoveIncompatibleSchema = 1 )
    BEGIN
        DELETE FROM dbo.aspnet_SchemaVersions WHERE Feature = LOWER( @Feature )
    END
    ELSE
    BEGIN
        IF( @IsCurrentVersion = 1 )
        BEGIN
            UPDATE dbo.aspnet_SchemaVersions
            SET IsCurrentVersion = 0
            WHERE Feature = LOWER( @Feature )
        END
    END

    INSERT  dbo.aspnet_SchemaVersions( Feature, CompatibleSchemaVersion, IsCurrentVersion )
    VALUES( LOWER( @Feature ), @CompatibleSchemaVersion, @IsCurrentVersion )
END
GO
SET ANSI_NULLS ON
GO
SET QUOTED_IDENTIFIER ON
GO
CREATE TABLE [dbo].[aspnet_PersonalizationPerUser](
	[Id] [uniqueidentifier] NOT NULL,
	[PathId] [uniqueidentifier] NULL,
	[UserId] [uniqueidentifier] NULL,
	[PageSettings] [image] NOT NULL,
	[LastUpdatedDate] [datetime] NOT NULL,
PRIMARY KEY NONCLUSTERED 
(
	[Id] ASC
)WITH (PAD_INDEX  = OFF, STATISTICS_NORECOMPUTE  = OFF, IGNORE_DUP_KEY = OFF, ALLOW_ROW_LOCKS  = ON, ALLOW_PAGE_LOCKS  = ON)
)

GO

CREATE UNIQUE CLUSTERED INDEX [aspnet_PersonalizationPerUser_index1] ON [dbo].[aspnet_PersonalizationPerUser] 
(
	[PathId] ASC,
	[UserId] ASC
)WITH (PAD_INDEX  = OFF, STATISTICS_NORECOMPUTE  = OFF, SORT_IN_TEMPDB = OFF, IGNORE_DUP_KEY = OFF, DROP_EXISTING = OFF, ONLINE = OFF, ALLOW_ROW_LOCKS  = ON, ALLOW_PAGE_LOCKS  = ON)
GO

CREATE UNIQUE NONCLUSTERED INDEX [aspnet_PersonalizationPerUser_ncindex2] ON [dbo].[aspnet_PersonalizationPerUser] 
(
	[UserId] ASC,
	[PathId] ASC
)WITH (PAD_INDEX  = OFF, STATISTICS_NORECOMPUTE  = OFF, SORT_IN_TEMPDB = OFF, IGNORE_DUP_KEY = OFF, DROP_EXISTING = OFF, ONLINE = OFF, ALLOW_ROW_LOCKS  = ON, ALLOW_PAGE_LOCKS  = ON)
GO
SET ANSI_NULLS ON
GO
SET QUOTED_IDENTIFIER ON
GO
CREATE TABLE [dbo].[aspnet_Profile](
	[UserId] [uniqueidentifier] NOT NULL,
	[PropertyNames] [ntext] COLLATE Latin1_General_CI_AS NOT NULL,
	[PropertyValuesString] [ntext] COLLATE Latin1_General_CI_AS NOT NULL,
	[PropertyValuesBinary] [image] NOT NULL,
	[LastUpdatedDate] [datetime] NOT NULL,
PRIMARY KEY CLUSTERED 
(
	[UserId] ASC
)WITH (PAD_INDEX  = OFF, STATISTICS_NORECOMPUTE  = OFF, IGNORE_DUP_KEY = OFF, ALLOW_ROW_LOCKS  = ON, ALLOW_PAGE_LOCKS  = ON)
)

GO
SET ANSI_NULLS ON
GO
SET QUOTED_IDENTIFIER ON
GO
CREATE TABLE [dbo].[aspnet_Membership](
	[ApplicationId] [uniqueidentifier] NOT NULL,
	[UserId] [uniqueidentifier] NOT NULL,
	[Password] [nvarchar](128) COLLATE Latin1_General_CI_AS NOT NULL,
	[PasswordFormat] [int] NOT NULL,
	[PasswordSalt] [nvarchar](128) COLLATE Latin1_General_CI_AS NOT NULL,
	[MobilePIN] [nvarchar](16) COLLATE Latin1_General_CI_AS NULL,
	[Email] [nvarchar](256) COLLATE Latin1_General_CI_AS NULL,
	[LoweredEmail] [nvarchar](256) COLLATE Latin1_General_CI_AS NULL,
	[PasswordQuestion] [nvarchar](256) COLLATE Latin1_General_CI_AS NULL,
	[PasswordAnswer] [nvarchar](128) COLLATE Latin1_General_CI_AS NULL,
	[IsApproved] [bit] NOT NULL,
	[IsLockedOut] [bit] NOT NULL,
	[CreateDate] [datetime] NOT NULL,
	[LastLoginDate] [datetime] NOT NULL,
	[LastPasswordChangedDate] [datetime] NOT NULL,
	[LastLockoutDate] [datetime] NOT NULL,
	[FailedPasswordAttemptCount] [int] NOT NULL,
	[FailedPasswordAttemptWindowStart] [datetime] NOT NULL,
	[FailedPasswordAnswerAttemptCount] [int] NOT NULL,
	[FailedPasswordAnswerAttemptWindowStart] [datetime] NOT NULL,
	[Comment] [ntext] COLLATE Latin1_General_CI_AS NULL,
PRIMARY KEY NONCLUSTERED 
(
	[UserId] ASC
)WITH (PAD_INDEX  = OFF, STATISTICS_NORECOMPUTE  = OFF, IGNORE_DUP_KEY = OFF, ALLOW_ROW_LOCKS  = ON, ALLOW_PAGE_LOCKS  = ON)
)

GO

CREATE CLUSTERED INDEX [aspnet_Membership_index] ON [dbo].[aspnet_Membership] 
(
	[ApplicationId] ASC,
	[LoweredEmail] ASC
)WITH (PAD_INDEX  = OFF, STATISTICS_NORECOMPUTE  = OFF, SORT_IN_TEMPDB = OFF, IGNORE_DUP_KEY = OFF, DROP_EXISTING = OFF, ONLINE = OFF, ALLOW_ROW_LOCKS  = ON, ALLOW_PAGE_LOCKS  = ON)
GO
INSERT [dbo].[aspnet_Membership] ([ApplicationId], [UserId], [Password], [PasswordFormat], [PasswordSalt], [MobilePIN], [Email], [LoweredEmail], [PasswordQuestion], [PasswordAnswer], [IsApproved], [IsLockedOut], [CreateDate], [LastLoginDate], [LastPasswordChangedDate], [LastLockoutDate], [FailedPasswordAttemptCount], [FailedPasswordAttemptWindowStart], [FailedPasswordAnswerAttemptCount], [FailedPasswordAnswerAttemptWindowStart], [Comment]) VALUES (N'70e68b6b-ddd8-4575-88df-a6b674e6573a', N'ae90d035-3213-4100-859c-bb68430591f9', N'ARJoAgicjUlMKSkAM/nVcfDDfgc=', 1, N'rNtY/5TXyQCaD7+q3fNyoQ==', NULL, N'diagonir@gmail.com', N'diagonir@gmail.com', NULL, NULL, 1, 0, CAST(0x0000A43600F794DC AS DateTime), CAST(0x0000A43600F7D5F6 AS DateTime), CAST(0x0000A43600F794DC AS DateTime), CAST(0xFFFF2FB300000000 AS DateTime), 0, CAST(0xFFFF2FB300000000 AS DateTime), 0, CAST(0xFFFF2FB300000000 AS DateTime), NULL)
GO
SET ANSI_NULLS ON
GO
SET QUOTED_IDENTIFIER OFF
GO
CREATE PROCEDURE dbo.aspnet_Paths_CreatePath
    @ApplicationId UNIQUEIDENTIFIER,
    @Path           NVARCHAR(256),
    @PathId         UNIQUEIDENTIFIER OUTPUT
AS
BEGIN
    BEGIN TRANSACTION
    IF (NOT EXISTS(SELECT * FROM dbo.aspnet_Paths WHERE LoweredPath = LOWER(@Path) AND ApplicationId = @ApplicationId))
    BEGIN
        INSERT dbo.aspnet_Paths (ApplicationId, Path, LoweredPath) VALUES (@ApplicationId, @Path, LOWER(@Path))
    END
    COMMIT TRANSACTION
    SELECT @PathId = PathId FROM dbo.aspnet_Paths WHERE LOWER(@Path) = LoweredPath AND ApplicationId = @ApplicationId
END
GO
SET ANSI_NULLS ON
GO
SET QUOTED_IDENTIFIER ON
GO
CREATE TABLE [dbo].[aspnet_PersonalizationAllUsers](
	[PathId] [uniqueidentifier] NOT NULL,
	[PageSettings] [image] NOT NULL,
	[LastUpdatedDate] [datetime] NOT NULL,
PRIMARY KEY CLUSTERED 
(
	[PathId] ASC
)WITH (PAD_INDEX  = OFF, STATISTICS_NORECOMPUTE  = OFF, IGNORE_DUP_KEY = OFF, ALLOW_ROW_LOCKS  = ON, ALLOW_PAGE_LOCKS  = ON)
)

GO
SET ANSI_NULLS ON
GO
SET QUOTED_IDENTIFIER OFF
GO

CREATE PROCEDURE [dbo].aspnet_Users_CreateUser
    @ApplicationId    uniqueidentifier,
    @UserName         nvarchar(256),
    @IsUserAnonymous  bit,
    @LastActivityDate DATETIME,
    @UserId           uniqueidentifier OUTPUT
AS
BEGIN
    IF( @UserId IS NULL )
        SELECT @UserId = NEWID()
    ELSE
    BEGIN
        IF( EXISTS( SELECT UserId FROM dbo.aspnet_Users
                    WHERE @UserId = UserId ) )
            RETURN -1
    END

    INSERT dbo.aspnet_Users (ApplicationId, UserId, UserName, LoweredUserName, IsAnonymous, LastActivityDate)
    VALUES (@ApplicationId, @UserId, @UserName, LOWER(@UserName), @IsUserAnonymous, @LastActivityDate)

    RETURN 0
END
GO
SET ANSI_NULLS ON
GO
SET QUOTED_IDENTIFIER OFF
GO

CREATE PROCEDURE dbo.aspnet_Roles_RoleExists
    @ApplicationName  nvarchar(256),
    @RoleName         nvarchar(256)
AS
BEGIN
    DECLARE @ApplicationId uniqueidentifier
    SELECT  @ApplicationId = NULL
    SELECT  @ApplicationId = ApplicationId FROM aspnet_Applications WHERE LOWER(@ApplicationName) = LoweredApplicationName
    IF (@ApplicationId IS NULL)
        RETURN(0)
    IF (EXISTS (SELECT RoleName FROM dbo.aspnet_Roles WHERE LOWER(@RoleName) = LoweredRoleName AND ApplicationId = @ApplicationId ))
        RETURN(1)
    ELSE
        RETURN(0)
END
GO
SET ANSI_NULLS ON
GO
SET QUOTED_IDENTIFIER OFF
GO

CREATE PROCEDURE dbo.aspnet_Roles_GetAllRoles (
    @ApplicationName           nvarchar(256))
AS
BEGIN
    DECLARE @ApplicationId uniqueidentifier
    SELECT  @ApplicationId = NULL
    SELECT  @ApplicationId = ApplicationId FROM aspnet_Applications WHERE LOWER(@ApplicationName) = LoweredApplicationName
    IF (@ApplicationId IS NULL)
        RETURN
    SELECT RoleName
    FROM   dbo.aspnet_Roles WHERE ApplicationId = @ApplicationId
    ORDER BY RoleName
END
GO
SET ANSI_NULLS ON
GO
SET QUOTED_IDENTIFIER ON
GO
CREATE TABLE [dbo].[aspnet_UsersInRoles](
	[UserId] [uniqueidentifier] NOT NULL,
	[RoleId] [uniqueidentifier] NOT NULL,
PRIMARY KEY CLUSTERED 
(
	[UserId] ASC,
	[RoleId] ASC
)WITH (PAD_INDEX  = OFF, STATISTICS_NORECOMPUTE  = OFF, IGNORE_DUP_KEY = OFF, ALLOW_ROW_LOCKS  = ON, ALLOW_PAGE_LOCKS  = ON)
)

GO

CREATE NONCLUSTERED INDEX [aspnet_UsersInRoles_index] ON [dbo].[aspnet_UsersInRoles] 
(
	[RoleId] ASC
)WITH (PAD_INDEX  = OFF, STATISTICS_NORECOMPUTE  = OFF, SORT_IN_TEMPDB = OFF, IGNORE_DUP_KEY = OFF, DROP_EXISTING = OFF, ONLINE = OFF, ALLOW_ROW_LOCKS  = ON, ALLOW_PAGE_LOCKS  = ON)
GO
SET ANSI_NULLS ON
GO
SET QUOTED_IDENTIFIER ON
GO
CREATE TABLE [uptea_ch].[PlazaColegios](
	[Id] [uniqueidentifier] NOT NULL,
	[FechaInicio] [datetime] NOT NULL,
	[FechaFin] [datetime] NOT NULL,
	[CuantiaBeca] [int] NOT NULL,
	[PreferenciaSexo] [nvarchar](max) COLLATE Latin1_General_CI_AS NULL,
	[Entrevista] [bit] NOT NULL,
	[CondicionesFirmadas] [bit] NOT NULL,
	[Comentarios] [nvarchar](max) COLLATE Latin1_General_CI_AS NULL,
	[PlazaContratada] [bit] NOT NULL,
	[NumeroHoras] [int] NOT NULL,
	[CodigoPlaza] [nvarchar](max) COLLATE Latin1_General_CI_AS NULL,
	[EtapaEducativa_Id] [uniqueidentifier] NULL,
	[Colegio_Id] [uniqueidentifier] NULL,
	[CandidatoAsignado_Id] [uniqueidentifier] NULL,
	[NacionalidadPreferente_Id] [uniqueidentifier] NULL,
	[Candidato_Id] [uniqueidentifier] NULL,
 CONSTRAINT [PK_uptea_ch.PlazaColegios] PRIMARY KEY CLUSTERED 
(
	[Id] ASC
)WITH (PAD_INDEX  = OFF, STATISTICS_NORECOMPUTE  = OFF, IGNORE_DUP_KEY = OFF, ALLOW_ROW_LOCKS  = ON, ALLOW_PAGE_LOCKS  = ON)
)

GO

CREATE NONCLUSTERED INDEX [IX_Candidato_Id] ON [uptea_ch].[PlazaColegios] 
(
	[Candidato_Id] ASC
)WITH (PAD_INDEX  = OFF, STATISTICS_NORECOMPUTE  = OFF, SORT_IN_TEMPDB = OFF, IGNORE_DUP_KEY = OFF, DROP_EXISTING = OFF, ONLINE = OFF, ALLOW_ROW_LOCKS  = ON, ALLOW_PAGE_LOCKS  = ON)
GO

CREATE NONCLUSTERED INDEX [IX_CandidatoAsignado_Id] ON [uptea_ch].[PlazaColegios] 
(
	[CandidatoAsignado_Id] ASC
)WITH (PAD_INDEX  = OFF, STATISTICS_NORECOMPUTE  = OFF, SORT_IN_TEMPDB = OFF, IGNORE_DUP_KEY = OFF, DROP_EXISTING = OFF, ONLINE = OFF, ALLOW_ROW_LOCKS  = ON, ALLOW_PAGE_LOCKS  = ON)
GO

CREATE NONCLUSTERED INDEX [IX_Colegio_Id] ON [uptea_ch].[PlazaColegios] 
(
	[Colegio_Id] ASC
)WITH (PAD_INDEX  = OFF, STATISTICS_NORECOMPUTE  = OFF, SORT_IN_TEMPDB = OFF, IGNORE_DUP_KEY = OFF, DROP_EXISTING = OFF, ONLINE = OFF, ALLOW_ROW_LOCKS  = ON, ALLOW_PAGE_LOCKS  = ON)
GO

CREATE NONCLUSTERED INDEX [IX_EtapaEducativa_Id] ON [uptea_ch].[PlazaColegios] 
(
	[EtapaEducativa_Id] ASC
)WITH (PAD_INDEX  = OFF, STATISTICS_NORECOMPUTE  = OFF, SORT_IN_TEMPDB = OFF, IGNORE_DUP_KEY = OFF, DROP_EXISTING = OFF, ONLINE = OFF, ALLOW_ROW_LOCKS  = ON, ALLOW_PAGE_LOCKS  = ON)
GO

CREATE NONCLUSTERED INDEX [IX_NacionalidadPreferente_Id] ON [uptea_ch].[PlazaColegios] 
(
	[NacionalidadPreferente_Id] ASC
)WITH (PAD_INDEX  = OFF, STATISTICS_NORECOMPUTE  = OFF, SORT_IN_TEMPDB = OFF, IGNORE_DUP_KEY = OFF, DROP_EXISTING = OFF, ONLINE = OFF, ALLOW_ROW_LOCKS  = ON, ALLOW_PAGE_LOCKS  = ON)
GO
SET ANSI_NULLS ON
GO
SET QUOTED_IDENTIFIER ON
GO
CREATE TABLE [uptea_ch].[Candidatos](
	[Id] [uniqueidentifier] NOT NULL,
	[Codigo] [nvarchar](max) COLLATE Latin1_General_CI_AS NULL,
	[Pasaporte] [bit] NOT NULL,
	[NumeroPasaporte] [nvarchar](max) COLLATE Latin1_General_CI_AS NULL,
	[Nombre] [nvarchar](max) COLLATE Latin1_General_CI_AS NOT NULL,
	[Apellido1] [nvarchar](max) COLLATE Latin1_General_CI_AS NOT NULL,
	[Apellido2] [nvarchar](max) COLLATE Latin1_General_CI_AS NULL,
	[Email] [nvarchar](max) COLLATE Latin1_General_CI_AS NOT NULL,
	[TelefonoDeContacto] [nvarchar](max) COLLATE Latin1_General_CI_AS NULL,
	[TelefonoEspanol] [nvarchar](max) COLLATE Latin1_General_CI_AS NULL,
	[Usuario] [nvarchar](max) COLLATE Latin1_General_CI_AS NULL,
	[Password] [nvarchar](max) COLLATE Latin1_General_CI_AS NULL,
	[FechaNac] [datetime] NOT NULL,
	[Skype] [nvarchar](max) COLLATE Latin1_General_CI_AS NULL,
	[ComentariosProcedencia] [nvarchar](max) COLLATE Latin1_General_CI_AS NULL,
	[Sexo] [bit] NOT NULL,
	[Carrera] [nvarchar](max) COLLATE Latin1_General_CI_AS NULL,
	[FechaAlta] [datetime] NOT NULL,
	[FechaLlegadaEspana] [datetime] NULL,
	[Banco] [bit] NOT NULL,
	[TarjetaSanitaria] [bit] NOT NULL,
	[FechaDisponibilidad] [datetime] NULL,
	[EntrevistaConNativo] [bit] NOT NULL,
	[FechaEntrevistaNativo] [datetime] NULL,
	[EntrevistaConUp] [bit] NOT NULL,
	[FechaEntrevistaUP] [datetime] NULL,
	[AjusteAlPuesto] [int] NOT NULL,
	[DeseabilidadSocial] [int] NOT NULL,
	[TestRealizado] [bit] NOT NULL,
	[ComentariosTest] [nvarchar](max) COLLATE Latin1_General_CI_AS NULL,
	[ComentariosGenerales] [nvarchar](max) COLLATE Latin1_General_CI_AS NULL,
	[TeflCelta] [bit] NOT NULL,
	[CLIL] [bit] NOT NULL,
	[Espanol] [bit] NOT NULL,
	[ComentariosVisado] [nvarchar](max) COLLATE Latin1_General_CI_AS NULL,
	[fichaCerrada] [bit] NOT NULL,
	[ComentariosMotivoCierre] [nvarchar](max) COLLATE Latin1_General_CI_AS NULL,
	[anyoContacto] [datetime] NULL,
	[TituloRecibido] [bit] NOT NULL,
	[CertificadoPenalesRecibido] [bit] NOT NULL,
	[EntrevistaColegio] [datetime] NULL,
	[fotoPerfilPath] [nvarchar](max) COLLATE Latin1_General_CI_AS NULL,
	[ComentariosColegio] [nvarchar](max) COLLATE Latin1_General_CI_AS NULL,
	[Colegio_Id] [uniqueidentifier] NULL,
	[Nacionalidad_Id] [uniqueidentifier] NULL,
	[Procedencia_Id] [uniqueidentifier] NULL,
	[Experiencia_Id] [uniqueidentifier] NULL,
	[EstatusCandidato_Id] [uniqueidentifier] NULL,
	[Encargado_Id] [uniqueidentifier] NULL,
	[TipoAlojamientoPreferido_Id] [uniqueidentifier] NULL,
	[ComunidadAutonomaPreferida_Id] [uniqueidentifier] NULL,
	[ProvinciaPreferida_Id] [uniqueidentifier] NULL,
	[EtapaEducativaPreferida_Id] [uniqueidentifier] NULL,
	[EstadoVisado_Id] [uniqueidentifier] NULL,
	[MotivoCierreFicha_Id] [uniqueidentifier] NULL,
	[UniversidadDeRegistro_Id] [uniqueidentifier] NULL,
	[PlazaOfrecida_Id] [uniqueidentifier] NULL,
	[prueba1Migration] [int] NOT NULL,
 CONSTRAINT [PK_uptea_ch.Candidatos] PRIMARY KEY CLUSTERED 
(
	[Id] ASC
)WITH (PAD_INDEX  = OFF, STATISTICS_NORECOMPUTE  = OFF, IGNORE_DUP_KEY = OFF, ALLOW_ROW_LOCKS  = ON, ALLOW_PAGE_LOCKS  = ON)
)

GO

CREATE NONCLUSTERED INDEX [IX_Colegio_Id] ON [uptea_ch].[Candidatos] 
(
	[Colegio_Id] ASC
)WITH (PAD_INDEX  = OFF, STATISTICS_NORECOMPUTE  = OFF, SORT_IN_TEMPDB = OFF, IGNORE_DUP_KEY = OFF, DROP_EXISTING = OFF, ONLINE = OFF, ALLOW_ROW_LOCKS  = ON, ALLOW_PAGE_LOCKS  = ON)
GO

CREATE NONCLUSTERED INDEX [IX_ComunidadAutonomaPreferida_Id] ON [uptea_ch].[Candidatos] 
(
	[ComunidadAutonomaPreferida_Id] ASC
)WITH (PAD_INDEX  = OFF, STATISTICS_NORECOMPUTE  = OFF, SORT_IN_TEMPDB = OFF, IGNORE_DUP_KEY = OFF, DROP_EXISTING = OFF, ONLINE = OFF, ALLOW_ROW_LOCKS  = ON, ALLOW_PAGE_LOCKS  = ON)
GO

CREATE NONCLUSTERED INDEX [IX_Encargado_Id] ON [uptea_ch].[Candidatos] 
(
	[Encargado_Id] ASC
)WITH (PAD_INDEX  = OFF, STATISTICS_NORECOMPUTE  = OFF, SORT_IN_TEMPDB = OFF, IGNORE_DUP_KEY = OFF, DROP_EXISTING = OFF, ONLINE = OFF, ALLOW_ROW_LOCKS  = ON, ALLOW_PAGE_LOCKS  = ON)
GO

CREATE NONCLUSTERED INDEX [IX_EstadoVisado_Id] ON [uptea_ch].[Candidatos] 
(
	[EstadoVisado_Id] ASC
)WITH (PAD_INDEX  = OFF, STATISTICS_NORECOMPUTE  = OFF, SORT_IN_TEMPDB = OFF, IGNORE_DUP_KEY = OFF, DROP_EXISTING = OFF, ONLINE = OFF, ALLOW_ROW_LOCKS  = ON, ALLOW_PAGE_LOCKS  = ON)
GO

CREATE NONCLUSTERED INDEX [IX_EstatusCandidato_Id] ON [uptea_ch].[Candidatos] 
(
	[EstatusCandidato_Id] ASC
)WITH (PAD_INDEX  = OFF, STATISTICS_NORECOMPUTE  = OFF, SORT_IN_TEMPDB = OFF, IGNORE_DUP_KEY = OFF, DROP_EXISTING = OFF, ONLINE = OFF, ALLOW_ROW_LOCKS  = ON, ALLOW_PAGE_LOCKS  = ON)
GO

CREATE NONCLUSTERED INDEX [IX_EtapaEducativaPreferida_Id] ON [uptea_ch].[Candidatos] 
(
	[EtapaEducativaPreferida_Id] ASC
)WITH (PAD_INDEX  = OFF, STATISTICS_NORECOMPUTE  = OFF, SORT_IN_TEMPDB = OFF, IGNORE_DUP_KEY = OFF, DROP_EXISTING = OFF, ONLINE = OFF, ALLOW_ROW_LOCKS  = ON, ALLOW_PAGE_LOCKS  = ON)
GO

CREATE NONCLUSTERED INDEX [IX_Experiencia_Id] ON [uptea_ch].[Candidatos] 
(
	[Experiencia_Id] ASC
)WITH (PAD_INDEX  = OFF, STATISTICS_NORECOMPUTE  = OFF, SORT_IN_TEMPDB = OFF, IGNORE_DUP_KEY = OFF, DROP_EXISTING = OFF, ONLINE = OFF, ALLOW_ROW_LOCKS  = ON, ALLOW_PAGE_LOCKS  = ON)
GO

CREATE NONCLUSTERED INDEX [IX_MotivoCierreFicha_Id] ON [uptea_ch].[Candidatos] 
(
	[MotivoCierreFicha_Id] ASC
)WITH (PAD_INDEX  = OFF, STATISTICS_NORECOMPUTE  = OFF, SORT_IN_TEMPDB = OFF, IGNORE_DUP_KEY = OFF, DROP_EXISTING = OFF, ONLINE = OFF, ALLOW_ROW_LOCKS  = ON, ALLOW_PAGE_LOCKS  = ON)
GO

CREATE NONCLUSTERED INDEX [IX_Nacionalidad_Id] ON [uptea_ch].[Candidatos] 
(
	[Nacionalidad_Id] ASC
)WITH (PAD_INDEX  = OFF, STATISTICS_NORECOMPUTE  = OFF, SORT_IN_TEMPDB = OFF, IGNORE_DUP_KEY = OFF, DROP_EXISTING = OFF, ONLINE = OFF, ALLOW_ROW_LOCKS  = ON, ALLOW_PAGE_LOCKS  = ON)
GO

CREATE NONCLUSTERED INDEX [IX_PlazaOfrecida_Id] ON [uptea_ch].[Candidatos] 
(
	[PlazaOfrecida_Id] ASC
)WITH (PAD_INDEX  = OFF, STATISTICS_NORECOMPUTE  = OFF, SORT_IN_TEMPDB = OFF, IGNORE_DUP_KEY = OFF, DROP_EXISTING = OFF, ONLINE = OFF, ALLOW_ROW_LOCKS  = ON, ALLOW_PAGE_LOCKS  = ON)
GO

CREATE NONCLUSTERED INDEX [IX_Procedencia_Id] ON [uptea_ch].[Candidatos] 
(
	[Procedencia_Id] ASC
)WITH (PAD_INDEX  = OFF, STATISTICS_NORECOMPUTE  = OFF, SORT_IN_TEMPDB = OFF, IGNORE_DUP_KEY = OFF, DROP_EXISTING = OFF, ONLINE = OFF, ALLOW_ROW_LOCKS  = ON, ALLOW_PAGE_LOCKS  = ON)
GO

CREATE NONCLUSTERED INDEX [IX_ProvinciaPreferida_Id] ON [uptea_ch].[Candidatos] 
(
	[ProvinciaPreferida_Id] ASC
)WITH (PAD_INDEX  = OFF, STATISTICS_NORECOMPUTE  = OFF, SORT_IN_TEMPDB = OFF, IGNORE_DUP_KEY = OFF, DROP_EXISTING = OFF, ONLINE = OFF, ALLOW_ROW_LOCKS  = ON, ALLOW_PAGE_LOCKS  = ON)
GO

CREATE NONCLUSTERED INDEX [IX_TipoAlojamientoPreferido_Id] ON [uptea_ch].[Candidatos] 
(
	[TipoAlojamientoPreferido_Id] ASC
)WITH (PAD_INDEX  = OFF, STATISTICS_NORECOMPUTE  = OFF, SORT_IN_TEMPDB = OFF, IGNORE_DUP_KEY = OFF, DROP_EXISTING = OFF, ONLINE = OFF, ALLOW_ROW_LOCKS  = ON, ALLOW_PAGE_LOCKS  = ON)
GO

CREATE NONCLUSTERED INDEX [IX_UniversidadDeRegistro_Id] ON [uptea_ch].[Candidatos] 
(
	[UniversidadDeRegistro_Id] ASC
)WITH (PAD_INDEX  = OFF, STATISTICS_NORECOMPUTE  = OFF, SORT_IN_TEMPDB = OFF, IGNORE_DUP_KEY = OFF, DROP_EXISTING = OFF, ONLINE = OFF, ALLOW_ROW_LOCKS  = ON, ALLOW_PAGE_LOCKS  = ON)
GO
SET ANSI_NULLS ON
GO
SET QUOTED_IDENTIFIER ON
GO
CREATE TABLE [uptea_ch].[Colegios](
	[Id] [uniqueidentifier] NOT NULL,
	[CIF] [nvarchar](max) COLLATE Latin1_General_CI_AS NULL,
	[NombreColegio] [nvarchar](max) COLLATE Latin1_General_CI_AS NOT NULL,
	[DireccionColegio] [nvarchar](max) COLLATE Latin1_General_CI_AS NOT NULL,
	[CodigoPostal] [nvarchar](max) COLLATE Latin1_General_CI_AS NOT NULL,
	[Localidad] [nvarchar](max) COLLATE Latin1_General_CI_AS NULL,
	[Telefono] [nvarchar](max) COLLATE Latin1_General_CI_AS NULL,
	[PlazasDisponibles] [int] NOT NULL,
	[ColegioContratado] [bit] NOT NULL,
	[FechaDeContrato] [datetime] NULL,
	[UserId] [uniqueidentifier] NOT NULL,
	[Comentarios] [nvarchar](max) COLLATE Latin1_General_CI_AS NULL,
	[Usuario] [nvarchar](max) COLLATE Latin1_General_CI_AS NULL,
	[Password] [nvarchar](max) COLLATE Latin1_General_CI_AS NULL,
	[Desactivado] [bit] NOT NULL,
	[ComunidadAutonoma_Id] [uniqueidentifier] NULL,
	[Provincia_Id] [uniqueidentifier] NULL,
 CONSTRAINT [PK_uptea_ch.Colegios] PRIMARY KEY CLUSTERED 
(
	[Id] ASC
)WITH (PAD_INDEX  = OFF, STATISTICS_NORECOMPUTE  = OFF, IGNORE_DUP_KEY = OFF, ALLOW_ROW_LOCKS  = ON, ALLOW_PAGE_LOCKS  = ON)
)

GO

CREATE NONCLUSTERED INDEX [IX_ComunidadAutonoma_Id] ON [uptea_ch].[Colegios] 
(
	[ComunidadAutonoma_Id] ASC
)WITH (PAD_INDEX  = OFF, STATISTICS_NORECOMPUTE  = OFF, SORT_IN_TEMPDB = OFF, IGNORE_DUP_KEY = OFF, DROP_EXISTING = OFF, ONLINE = OFF, ALLOW_ROW_LOCKS  = ON, ALLOW_PAGE_LOCKS  = ON)
GO

CREATE NONCLUSTERED INDEX [IX_Provincia_Id] ON [uptea_ch].[Colegios] 
(
	[Provincia_Id] ASC
)WITH (PAD_INDEX  = OFF, STATISTICS_NORECOMPUTE  = OFF, SORT_IN_TEMPDB = OFF, IGNORE_DUP_KEY = OFF, DROP_EXISTING = OFF, ONLINE = OFF, ALLOW_ROW_LOCKS  = ON, ALLOW_PAGE_LOCKS  = ON)
GO
SET ANSI_NULLS ON
GO
SET QUOTED_IDENTIFIER OFF
GO
CREATE PROCEDURE dbo.aspnet_Roles_CreateRole
    @ApplicationName  nvarchar(256),
    @RoleName         nvarchar(256)
AS
BEGIN
    DECLARE @ApplicationId uniqueidentifier
    SELECT  @ApplicationId = NULL

    DECLARE @ErrorCode     int
    SET @ErrorCode = 0

    DECLARE @TranStarted   bit
    SET @TranStarted = 0

    IF( @@TRANCOUNT = 0 )
    BEGIN
        BEGIN TRANSACTION
        SET @TranStarted = 1
    END
    ELSE
        SET @TranStarted = 0

    EXEC dbo.aspnet_Applications_CreateApplication @ApplicationName, @ApplicationId OUTPUT

    IF( @@ERROR <> 0 )
    BEGIN
        SET @ErrorCode = -1
        GOTO Cleanup
    END

    IF (EXISTS(SELECT RoleId FROM dbo.aspnet_Roles WHERE LoweredRoleName = LOWER(@RoleName) AND ApplicationId = @ApplicationId))
    BEGIN
        SET @ErrorCode = 1
        GOTO Cleanup
    END

    INSERT INTO dbo.aspnet_Roles
                (ApplicationId, RoleName, LoweredRoleName)
         VALUES (@ApplicationId, @RoleName, LOWER(@RoleName))

    IF( @@ERROR <> 0 )
    BEGIN
        SET @ErrorCode = -1
        GOTO Cleanup
    END

    IF( @TranStarted = 1 )
    BEGIN
        SET @TranStarted = 0
        COMMIT TRANSACTION
    END

    RETURN(0)

Cleanup:

    IF( @TranStarted = 1 )
    BEGIN
        SET @TranStarted = 0
        ROLLBACK TRANSACTION
    END

    RETURN @ErrorCode

END
GO
SET ANSI_NULLS ON
GO
SET QUOTED_IDENTIFIER OFF
GO

  CREATE VIEW [dbo].[vw_aspnet_Users]
  AS SELECT [dbo].[aspnet_Users].[ApplicationId], [dbo].[aspnet_Users].[UserId], [dbo].[aspnet_Users].[UserName], [dbo].[aspnet_Users].[LoweredUserName], [dbo].[aspnet_Users].[MobileAlias], [dbo].[aspnet_Users].[IsAnonymous], [dbo].[aspnet_Users].[LastActivityDate]
  FROM [dbo].[aspnet_Users]
  
GO
SET ANSI_NULLS ON
GO
SET QUOTED_IDENTIFIER OFF
GO

  CREATE VIEW [dbo].[vw_aspnet_Roles]
  AS SELECT [dbo].[aspnet_Roles].[ApplicationId], [dbo].[aspnet_Roles].[RoleId], [dbo].[aspnet_Roles].[RoleName], [dbo].[aspnet_Roles].[LoweredRoleName], [dbo].[aspnet_Roles].[Description]
  FROM [dbo].[aspnet_Roles]
  
GO
SET ANSI_NULLS ON
GO
SET QUOTED_IDENTIFIER OFF
GO

  CREATE VIEW [dbo].[vw_aspnet_WebPartState_Paths]
  AS SELECT [dbo].[aspnet_Paths].[ApplicationId], [dbo].[aspnet_Paths].[PathId], [dbo].[aspnet_Paths].[Path], [dbo].[aspnet_Paths].[LoweredPath]
  FROM [dbo].[aspnet_Paths]
  
GO
SET ANSI_NULLS ON
GO
SET QUOTED_IDENTIFIER OFF
GO

  CREATE VIEW [dbo].[vw_aspnet_WebPartState_User]
  AS SELECT [dbo].[aspnet_PersonalizationPerUser].[PathId], [dbo].[aspnet_PersonalizationPerUser].[UserId], [DataSize]=DATALENGTH([dbo].[aspnet_PersonalizationPerUser].[PageSettings]), [dbo].[aspnet_PersonalizationPerUser].[LastUpdatedDate]
  FROM [dbo].[aspnet_PersonalizationPerUser]
  
GO
SET ANSI_NULLS ON
GO
SET QUOTED_IDENTIFIER OFF
GO

  CREATE VIEW [dbo].[vw_aspnet_WebPartState_Shared]
  AS SELECT [dbo].[aspnet_PersonalizationAllUsers].[PathId], [DataSize]=DATALENGTH([dbo].[aspnet_PersonalizationAllUsers].[PageSettings]), [dbo].[aspnet_PersonalizationAllUsers].[LastUpdatedDate]
  FROM [dbo].[aspnet_PersonalizationAllUsers]
  
GO
SET ANSI_NULLS ON
GO
SET QUOTED_IDENTIFIER OFF
GO

  CREATE VIEW [dbo].[vw_aspnet_UsersInRoles]
  AS SELECT [dbo].[aspnet_UsersInRoles].[UserId], [dbo].[aspnet_UsersInRoles].[RoleId]
  FROM [dbo].[aspnet_UsersInRoles]
  
GO
SET ANSI_NULLS ON
GO
SET QUOTED_IDENTIFIER OFF
GO

  CREATE VIEW [dbo].[vw_aspnet_Profiles]
  AS SELECT [dbo].[aspnet_Profile].[UserId], [dbo].[aspnet_Profile].[LastUpdatedDate],
      [DataSize]=  DATALENGTH([dbo].[aspnet_Profile].[PropertyNames])
                 + DATALENGTH([dbo].[aspnet_Profile].[PropertyValuesString])
                 + DATALENGTH([dbo].[aspnet_Profile].[PropertyValuesBinary])
  FROM [dbo].[aspnet_Profile]
  
GO
SET ANSI_NULLS ON
GO
SET QUOTED_IDENTIFIER OFF
GO

  CREATE VIEW [dbo].[vw_aspnet_MembershipUsers]
  AS SELECT [dbo].[aspnet_Membership].[UserId],
            [dbo].[aspnet_Membership].[PasswordFormat],
            [dbo].[aspnet_Membership].[MobilePIN],
            [dbo].[aspnet_Membership].[Email],
            [dbo].[aspnet_Membership].[LoweredEmail],
            [dbo].[aspnet_Membership].[PasswordQuestion],
            [dbo].[aspnet_Membership].[PasswordAnswer],
            [dbo].[aspnet_Membership].[IsApproved],
            [dbo].[aspnet_Membership].[IsLockedOut],
            [dbo].[aspnet_Membership].[CreateDate],
            [dbo].[aspnet_Membership].[LastLoginDate],
            [dbo].[aspnet_Membership].[LastPasswordChangedDate],
            [dbo].[aspnet_Membership].[LastLockoutDate],
            [dbo].[aspnet_Membership].[FailedPasswordAttemptCount],
            [dbo].[aspnet_Membership].[FailedPasswordAttemptWindowStart],
            [dbo].[aspnet_Membership].[FailedPasswordAnswerAttemptCount],
            [dbo].[aspnet_Membership].[FailedPasswordAnswerAttemptWindowStart],
            [dbo].[aspnet_Membership].[Comment],
            [dbo].[aspnet_Users].[ApplicationId],
            [dbo].[aspnet_Users].[UserName],
            [dbo].[aspnet_Users].[MobileAlias],
            [dbo].[aspnet_Users].[IsAnonymous],
            [dbo].[aspnet_Users].[LastActivityDate]
  FROM [dbo].[aspnet_Membership] INNER JOIN [dbo].[aspnet_Users]
      ON [dbo].[aspnet_Membership].[UserId] = [dbo].[aspnet_Users].[UserId]
  
GO
SET ANSI_NULLS ON
GO
SET QUOTED_IDENTIFIER ON
GO
CREATE TABLE [uptea_ch].[ContactosColegio](
	[Id] [uniqueidentifier] NOT NULL,
	[NombreContactoColegio] [nvarchar](max) COLLATE Latin1_General_CI_AS NULL,
	[Apellido1] [nvarchar](max) COLLATE Latin1_General_CI_AS NULL,
	[Apellido2] [nvarchar](max) COLLATE Latin1_General_CI_AS NULL,
	[Email] [nvarchar](max) COLLATE Latin1_General_CI_AS NULL,
	[TelefonoDeContacto] [nvarchar](max) COLLATE Latin1_General_CI_AS NULL,
	[ContactoPrincipal] [bit] NOT NULL,
	[DNI] [nvarchar](max) COLLATE Latin1_General_CI_AS NULL,
	[Tipo] [nvarchar](max) COLLATE Latin1_General_CI_AS NULL,
	[ComentariosContacto] [nvarchar](max) COLLATE Latin1_General_CI_AS NULL,
	[Colegio_Id] [uniqueidentifier] NULL,
 CONSTRAINT [PK_uptea_ch.ContactosColegio] PRIMARY KEY CLUSTERED 
(
	[Id] ASC
)WITH (PAD_INDEX  = OFF, STATISTICS_NORECOMPUTE  = OFF, IGNORE_DUP_KEY = OFF, ALLOW_ROW_LOCKS  = ON, ALLOW_PAGE_LOCKS  = ON)
)

GO

CREATE NONCLUSTERED INDEX [IX_Colegio_Id] ON [uptea_ch].[ContactosColegio] 
(
	[Colegio_Id] ASC
)WITH (PAD_INDEX  = OFF, STATISTICS_NORECOMPUTE  = OFF, SORT_IN_TEMPDB = OFF, IGNORE_DUP_KEY = OFF, DROP_EXISTING = OFF, ONLINE = OFF, ALLOW_ROW_LOCKS  = ON, ALLOW_PAGE_LOCKS  = ON)
GO
SET ANSI_NULLS ON
GO
SET QUOTED_IDENTIFIER OFF
GO

CREATE PROCEDURE dbo.aspnet_Profile_DeleteInactiveProfiles
    @ApplicationName        nvarchar(256),
    @ProfileAuthOptions     int,
    @InactiveSinceDate      datetime
AS
BEGIN
    DECLARE @ApplicationId uniqueidentifier
    SELECT  @ApplicationId = NULL
    SELECT  @ApplicationId = ApplicationId FROM aspnet_Applications WHERE LOWER(@ApplicationName) = LoweredApplicationName
    IF (@ApplicationId IS NULL)
    BEGIN
        SELECT  0
        RETURN
    END

    DELETE
    FROM    dbo.aspnet_Profile
    WHERE   UserId IN
            (   SELECT  UserId
                FROM    dbo.aspnet_Users u
                WHERE   ApplicationId = @ApplicationId
                        AND (LastActivityDate <= @InactiveSinceDate)
                        AND (
                                (@ProfileAuthOptions = 2)
                             OR (@ProfileAuthOptions = 0 AND IsAnonymous = 1)
                             OR (@ProfileAuthOptions = 1 AND IsAnonymous = 0)
                            )
            )

    SELECT  @@ROWCOUNT
END
GO
SET ANSI_NULLS ON
GO
SET QUOTED_IDENTIFIER OFF
GO

CREATE PROCEDURE dbo.aspnet_UsersInRoles_RemoveUsersFromRoles
	@ApplicationName  nvarchar(256),
	@UserNames		  nvarchar(4000),
	@RoleNames		  nvarchar(4000)
AS
BEGIN
	DECLARE @AppId uniqueidentifier
	SELECT  @AppId = NULL
	SELECT  @AppId = ApplicationId FROM aspnet_Applications WHERE LOWER(@ApplicationName) = LoweredApplicationName
	IF (@AppId IS NULL)
		RETURN(2)


	DECLARE @TranStarted   bit
	SET @TranStarted = 0

	IF( @@TRANCOUNT = 0 )
	BEGIN
		BEGIN TRANSACTION
		SET @TranStarted = 1
	END

	DECLARE @tbNames  table(Name nvarchar(256) NOT NULL PRIMARY KEY)
	DECLARE @tbRoles  table(RoleId uniqueidentifier NOT NULL PRIMARY KEY)
	DECLARE @tbUsers  table(UserId uniqueidentifier NOT NULL PRIMARY KEY)
	DECLARE @Num	  int
	DECLARE @Pos	  int
	DECLARE @NextPos  int
	DECLARE @Name	  nvarchar(256)
	DECLARE @CountAll int
	DECLARE @CountU	  int
	DECLARE @CountR	  int


	SET @Num = 0
	SET @Pos = 1
	WHILE(@Pos <= LEN(@RoleNames))
	BEGIN
		SELECT @NextPos = CHARINDEX(N',', @RoleNames,  @Pos)
		IF (@NextPos = 0 OR @NextPos IS NULL)
			SELECT @NextPos = LEN(@RoleNames) + 1
		SELECT @Name = RTRIM(LTRIM(SUBSTRING(@RoleNames, @Pos, @NextPos - @Pos)))
		SELECT @Pos = @NextPos+1

		INSERT INTO @tbNames VALUES (@Name)
		SET @Num = @Num + 1
	END

	INSERT INTO @tbRoles
	  SELECT RoleId
	  FROM   dbo.aspnet_Roles ar, @tbNames t
	  WHERE  LOWER(t.Name) = ar.LoweredRoleName AND ar.ApplicationId = @AppId
	SELECT @CountR = @@ROWCOUNT

	IF (@CountR <> @Num)
	BEGIN
		SELECT TOP 1 N'', Name
		FROM   @tbNames
		WHERE  LOWER(Name) NOT IN (SELECT ar.LoweredRoleName FROM dbo.aspnet_Roles ar,  @tbRoles r WHERE r.RoleId = ar.RoleId)
		IF( @TranStarted = 1 )
			ROLLBACK TRANSACTION
		RETURN(2)
	END


	DELETE FROM @tbNames WHERE 1=1
	SET @Num = 0
	SET @Pos = 1


	WHILE(@Pos <= LEN(@UserNames))
	BEGIN
		SELECT @NextPos = CHARINDEX(N',', @UserNames,  @Pos)
		IF (@NextPos = 0 OR @NextPos IS NULL)
			SELECT @NextPos = LEN(@UserNames) + 1
		SELECT @Name = RTRIM(LTRIM(SUBSTRING(@UserNames, @Pos, @NextPos - @Pos)))
		SELECT @Pos = @NextPos+1

		INSERT INTO @tbNames VALUES (@Name)
		SET @Num = @Num + 1
	END

	INSERT INTO @tbUsers
	  SELECT UserId
	  FROM   dbo.aspnet_Users ar, @tbNames t
	  WHERE  LOWER(t.Name) = ar.LoweredUserName AND ar.ApplicationId = @AppId

	SELECT @CountU = @@ROWCOUNT
	IF (@CountU <> @Num)
	BEGIN
		SELECT TOP 1 Name, N''
		FROM   @tbNames
		WHERE  LOWER(Name) NOT IN (SELECT au.LoweredUserName FROM dbo.aspnet_Users au,  @tbUsers u WHERE u.UserId = au.UserId)

		IF( @TranStarted = 1 )
			ROLLBACK TRANSACTION
		RETURN(1)
	END

	SELECT  @CountAll = COUNT(*)
	FROM	dbo.aspnet_UsersInRoles ur, @tbUsers u, @tbRoles r
	WHERE   ur.UserId = u.UserId AND ur.RoleId = r.RoleId

	IF (@CountAll <> @CountU * @CountR)
	BEGIN
		SELECT TOP 1 UserName, RoleName
		FROM		 @tbUsers tu, @tbRoles tr, dbo.aspnet_Users u, dbo.aspnet_Roles r
		WHERE		 u.UserId = tu.UserId AND r.RoleId = tr.RoleId AND
					 tu.UserId NOT IN (SELECT ur.UserId FROM dbo.aspnet_UsersInRoles ur WHERE ur.RoleId = tr.RoleId) AND
					 tr.RoleId NOT IN (SELECT ur.RoleId FROM dbo.aspnet_UsersInRoles ur WHERE ur.UserId = tu.UserId)
		IF( @TranStarted = 1 )
			ROLLBACK TRANSACTION
		RETURN(3)
	END

	DELETE FROM dbo.aspnet_UsersInRoles
	WHERE UserId IN (SELECT UserId FROM @tbUsers)
	  AND RoleId IN (SELECT RoleId FROM @tbRoles)
	IF( @TranStarted = 1 )
		COMMIT TRANSACTION
	RETURN(0)
END
                                                                                                                                                                                                                                                                                                                                                                                                                                                                                                                                                                                                                                                        
GO
SET ANSI_NULLS ON
GO
SET QUOTED_IDENTIFIER OFF
GO

CREATE PROCEDURE dbo.aspnet_UsersInRoles_IsUserInRole
    @ApplicationName  nvarchar(256),
    @UserName         nvarchar(256),
    @RoleName         nvarchar(256)
AS
BEGIN
    DECLARE @ApplicationId uniqueidentifier
    SELECT  @ApplicationId = NULL
    SELECT  @ApplicationId = ApplicationId FROM aspnet_Applications WHERE LOWER(@ApplicationName) = LoweredApplicationName
    IF (@ApplicationId IS NULL)
        RETURN(2)
    DECLARE @UserId uniqueidentifier
    SELECT  @UserId = NULL
    DECLARE @RoleId uniqueidentifier
    SELECT  @RoleId = NULL

    SELECT  @UserId = UserId
    FROM    dbo.aspnet_Users
    WHERE   LoweredUserName = LOWER(@UserName) AND ApplicationId = @ApplicationId

    IF (@UserId IS NULL)
        RETURN(2)

    SELECT  @RoleId = RoleId
    FROM    dbo.aspnet_Roles
    WHERE   LoweredRoleName = LOWER(@RoleName) AND ApplicationId = @ApplicationId

    IF (@RoleId IS NULL)
        RETURN(3)

    IF (EXISTS( SELECT * FROM dbo.aspnet_UsersInRoles WHERE  UserId = @UserId AND RoleId = @RoleId))
        RETURN(1)
    ELSE
        RETURN(0)
END
GO
SET ANSI_NULLS ON
GO
SET QUOTED_IDENTIFIER OFF
GO

CREATE PROCEDURE dbo.aspnet_UsersInRoles_GetUsersInRoles
    @ApplicationName  nvarchar(256),
    @RoleName         nvarchar(256)
AS
BEGIN
    DECLARE @ApplicationId uniqueidentifier
    SELECT  @ApplicationId = NULL
    SELECT  @ApplicationId = ApplicationId FROM aspnet_Applications WHERE LOWER(@ApplicationName) = LoweredApplicationName
    IF (@ApplicationId IS NULL)
        RETURN(1)
     DECLARE @RoleId uniqueidentifier
     SELECT  @RoleId = NULL

     SELECT  @RoleId = RoleId
     FROM    dbo.aspnet_Roles
     WHERE   LOWER(@RoleName) = LoweredRoleName AND ApplicationId = @ApplicationId

     IF (@RoleId IS NULL)
         RETURN(1)

    SELECT u.UserName
    FROM   dbo.aspnet_Users u, dbo.aspnet_UsersInRoles ur
    WHERE  u.UserId = ur.UserId AND @RoleId = ur.RoleId AND u.ApplicationId = @ApplicationId
    ORDER BY u.UserName
    RETURN(0)
END
GO
SET ANSI_NULLS ON
GO
SET QUOTED_IDENTIFIER OFF
GO

CREATE PROCEDURE dbo.aspnet_UsersInRoles_GetRolesForUser
    @ApplicationName  nvarchar(256),
    @UserName         nvarchar(256)
AS
BEGIN
    DECLARE @ApplicationId uniqueidentifier
    SELECT  @ApplicationId = NULL
    SELECT  @ApplicationId = ApplicationId FROM aspnet_Applications WHERE LOWER(@ApplicationName) = LoweredApplicationName
    IF (@ApplicationId IS NULL)
        RETURN(1)
    DECLARE @UserId uniqueidentifier
    SELECT  @UserId = NULL

    SELECT  @UserId = UserId
    FROM    dbo.aspnet_Users
    WHERE   LoweredUserName = LOWER(@UserName) AND ApplicationId = @ApplicationId

    IF (@UserId IS NULL)
        RETURN(1)

    SELECT r.RoleName
    FROM   dbo.aspnet_Roles r, dbo.aspnet_UsersInRoles ur
    WHERE  r.RoleId = ur.RoleId AND r.ApplicationId = @ApplicationId AND ur.UserId = @UserId
    ORDER BY r.RoleName
    RETURN (0)
END
GO
SET ANSI_NULLS ON
GO
SET QUOTED_IDENTIFIER OFF
GO

CREATE PROCEDURE dbo.aspnet_UsersInRoles_FindUsersInRole
    @ApplicationName  nvarchar(256),
    @RoleName         nvarchar(256),
    @UserNameToMatch  nvarchar(256)
AS
BEGIN
    DECLARE @ApplicationId uniqueidentifier
    SELECT  @ApplicationId = NULL
    SELECT  @ApplicationId = ApplicationId FROM aspnet_Applications WHERE LOWER(@ApplicationName) = LoweredApplicationName
    IF (@ApplicationId IS NULL)
        RETURN(1)
     DECLARE @RoleId uniqueidentifier
     SELECT  @RoleId = NULL

     SELECT  @RoleId = RoleId
     FROM    dbo.aspnet_Roles
     WHERE   LOWER(@RoleName) = LoweredRoleName AND ApplicationId = @ApplicationId

     IF (@RoleId IS NULL)
         RETURN(1)

    SELECT u.UserName
    FROM   dbo.aspnet_Users u, dbo.aspnet_UsersInRoles ur
    WHERE  u.UserId = ur.UserId AND @RoleId = ur.RoleId AND u.ApplicationId = @ApplicationId AND LoweredUserName LIKE LOWER(@UserNameToMatch)
    ORDER BY u.UserName
    RETURN(0)
END
GO
SET ANSI_NULLS ON
GO
SET QUOTED_IDENTIFIER OFF
GO

CREATE PROCEDURE dbo.aspnet_UsersInRoles_AddUsersToRoles
	@ApplicationName  nvarchar(256),
	@UserNames		  nvarchar(4000),
	@RoleNames		  nvarchar(4000),
	@CurrentTimeUtc   datetime
AS
BEGIN
	DECLARE @AppId uniqueidentifier
	SELECT  @AppId = NULL
	SELECT  @AppId = ApplicationId FROM aspnet_Applications WHERE LOWER(@ApplicationName) = LoweredApplicationName
	IF (@AppId IS NULL)
		RETURN(2)
	DECLARE @TranStarted   bit
	SET @TranStarted = 0

	IF( @@TRANCOUNT = 0 )
	BEGIN
		BEGIN TRANSACTION
		SET @TranStarted = 1
	END

	DECLARE @tbNames	table(Name nvarchar(256) NOT NULL PRIMARY KEY)
	DECLARE @tbRoles	table(RoleId uniqueidentifier NOT NULL PRIMARY KEY)
	DECLARE @tbUsers	table(UserId uniqueidentifier NOT NULL PRIMARY KEY)
	DECLARE @Num		int
	DECLARE @Pos		int
	DECLARE @NextPos	int
	DECLARE @Name		nvarchar(256)

	SET @Num = 0
	SET @Pos = 1
	WHILE(@Pos <= LEN(@RoleNames))
	BEGIN
		SELECT @NextPos = CHARINDEX(N',', @RoleNames,  @Pos)
		IF (@NextPos = 0 OR @NextPos IS NULL)
			SELECT @NextPos = LEN(@RoleNames) + 1
		SELECT @Name = RTRIM(LTRIM(SUBSTRING(@RoleNames, @Pos, @NextPos - @Pos)))
		SELECT @Pos = @NextPos+1

		INSERT INTO @tbNames VALUES (@Name)
		SET @Num = @Num + 1
	END

	INSERT INTO @tbRoles
	  SELECT RoleId
	  FROM   dbo.aspnet_Roles ar, @tbNames t
	  WHERE  LOWER(t.Name) = ar.LoweredRoleName AND ar.ApplicationId = @AppId

	IF (@@ROWCOUNT <> @Num)
	BEGIN
		SELECT TOP 1 Name
		FROM   @tbNames
		WHERE  LOWER(Name) NOT IN (SELECT ar.LoweredRoleName FROM dbo.aspnet_Roles ar,  @tbRoles r WHERE r.RoleId = ar.RoleId)
		IF( @TranStarted = 1 )
			ROLLBACK TRANSACTION
		RETURN(2)
	END

	DELETE FROM @tbNames WHERE 1=1
	SET @Num = 0
	SET @Pos = 1

	WHILE(@Pos <= LEN(@UserNames))
	BEGIN
		SELECT @NextPos = CHARINDEX(N',', @UserNames,  @Pos)
		IF (@NextPos = 0 OR @NextPos IS NULL)
			SELECT @NextPos = LEN(@UserNames) + 1
		SELECT @Name = RTRIM(LTRIM(SUBSTRING(@UserNames, @Pos, @NextPos - @Pos)))
		SELECT @Pos = @NextPos+1

		INSERT INTO @tbNames VALUES (@Name)
		SET @Num = @Num + 1
	END

	INSERT INTO @tbUsers
	  SELECT UserId
	  FROM   dbo.aspnet_Users ar, @tbNames t
	  WHERE  LOWER(t.Name) = ar.LoweredUserName AND ar.ApplicationId = @AppId

	IF (@@ROWCOUNT <> @Num)
	BEGIN
		DELETE FROM @tbNames
		WHERE LOWER(Name) IN (SELECT LoweredUserName FROM dbo.aspnet_Users au,  @tbUsers u WHERE au.UserId = u.UserId)

		INSERT dbo.aspnet_Users (ApplicationId, UserId, UserName, LoweredUserName, IsAnonymous, LastActivityDate)
		  SELECT @AppId, NEWID(), Name, LOWER(Name), 0, @CurrentTimeUtc
		  FROM   @tbNames

		INSERT INTO @tbUsers
		  SELECT  UserId
		  FROM	dbo.aspnet_Users au, @tbNames t
		  WHERE   LOWER(t.Name) = au.LoweredUserName AND au.ApplicationId = @AppId
	END

	IF (EXISTS (SELECT * FROM dbo.aspnet_UsersInRoles ur, @tbUsers tu, @tbRoles tr WHERE tu.UserId = ur.UserId AND tr.RoleId = ur.RoleId))
	BEGIN
		SELECT TOP 1 UserName, RoleName
		FROM		 dbo.aspnet_UsersInRoles ur, @tbUsers tu, @tbRoles tr, aspnet_Users u, aspnet_Roles r
		WHERE		u.UserId = tu.UserId AND r.RoleId = tr.RoleId AND tu.UserId = ur.UserId AND tr.RoleId = ur.RoleId

		IF( @TranStarted = 1 )
			ROLLBACK TRANSACTION
		RETURN(3)
	END

	INSERT INTO dbo.aspnet_UsersInRoles (UserId, RoleId)
	SELECT UserId, RoleId
	FROM @tbUsers, @tbRoles

	IF( @TranStarted = 1 )
		COMMIT TRANSACTION
	RETURN(0)
END                                                                                                                                                                                                                                                                                                                                                                                                                                                                                                                                                                                                                                                                                                                     
GO
SET ANSI_NULLS ON
GO
SET QUOTED_IDENTIFIER OFF
GO
CREATE PROCEDURE [dbo].aspnet_Users_DeleteUser
    @ApplicationName  nvarchar(256),
    @UserName         nvarchar(256),
    @TablesToDeleteFrom int,
    @NumTablesDeletedFrom int OUTPUT
AS
BEGIN
    DECLARE @UserId               uniqueidentifier
    SELECT  @UserId               = NULL
    SELECT  @NumTablesDeletedFrom = 0

    DECLARE @TranStarted   bit
    SET @TranStarted = 0

    IF( @@TRANCOUNT = 0 )
    BEGIN
	    BEGIN TRANSACTION
	    SET @TranStarted = 1
    END
    ELSE
	SET @TranStarted = 0

    DECLARE @ErrorCode   int
    DECLARE @RowCount    int

    SET @ErrorCode = 0
    SET @RowCount  = 0

    SELECT  @UserId = u.UserId
    FROM    dbo.aspnet_Users u, dbo.aspnet_Applications a
    WHERE   u.LoweredUserName       = LOWER(@UserName)
        AND u.ApplicationId         = a.ApplicationId
        AND LOWER(@ApplicationName) = a.LoweredApplicationName

    IF (@UserId IS NULL)
    BEGIN
        GOTO Cleanup
    END

    -- Delete from Membership table if (@TablesToDeleteFrom & 1) is set
    IF ((@TablesToDeleteFrom & 1) <> 0 AND
        (EXISTS (SELECT name FROM sysobjects WHERE (name = N'vw_aspnet_MembershipUsers') AND (type = 'V'))))
    BEGIN
        DELETE FROM dbo.aspnet_Membership WHERE @UserId = UserId

        SELECT @ErrorCode = @@ERROR,
               @RowCount = @@ROWCOUNT

        IF( @ErrorCode <> 0 )
            GOTO Cleanup

        IF (@RowCount <> 0)
            SELECT  @NumTablesDeletedFrom = @NumTablesDeletedFrom + 1
    END

    -- Delete from aspnet_UsersInRoles table if (@TablesToDeleteFrom & 2) is set
    IF ((@TablesToDeleteFrom & 2) <> 0  AND
        (EXISTS (SELECT name FROM sysobjects WHERE (name = N'vw_aspnet_UsersInRoles') AND (type = 'V'))) )
    BEGIN
        DELETE FROM dbo.aspnet_UsersInRoles WHERE @UserId = UserId

        SELECT @ErrorCode = @@ERROR,
                @RowCount = @@ROWCOUNT

        IF( @ErrorCode <> 0 )
            GOTO Cleanup

        IF (@RowCount <> 0)
            SELECT  @NumTablesDeletedFrom = @NumTablesDeletedFrom + 1
    END

    -- Delete from aspnet_Profile table if (@TablesToDeleteFrom & 4) is set
    IF ((@TablesToDeleteFrom & 4) <> 0  AND
        (EXISTS (SELECT name FROM sysobjects WHERE (name = N'vw_aspnet_Profiles') AND (type = 'V'))) )
    BEGIN
        DELETE FROM dbo.aspnet_Profile WHERE @UserId = UserId

        SELECT @ErrorCode = @@ERROR,
                @RowCount = @@ROWCOUNT

        IF( @ErrorCode <> 0 )
            GOTO Cleanup

        IF (@RowCount <> 0)
            SELECT  @NumTablesDeletedFrom = @NumTablesDeletedFrom + 1
    END

    -- Delete from aspnet_PersonalizationPerUser table if (@TablesToDeleteFrom & 8) is set
    IF ((@TablesToDeleteFrom & 8) <> 0  AND
        (EXISTS (SELECT name FROM sysobjects WHERE (name = N'vw_aspnet_WebPartState_User') AND (type = 'V'))) )
    BEGIN
        DELETE FROM dbo.aspnet_PersonalizationPerUser WHERE @UserId = UserId

        SELECT @ErrorCode = @@ERROR,
                @RowCount = @@ROWCOUNT

        IF( @ErrorCode <> 0 )
            GOTO Cleanup

        IF (@RowCount <> 0)
            SELECT  @NumTablesDeletedFrom = @NumTablesDeletedFrom + 1
    END

    -- Delete from aspnet_Users table if (@TablesToDeleteFrom & 1,2,4 & 8) are all set
    IF ((@TablesToDeleteFrom & 1) <> 0 AND
        (@TablesToDeleteFrom & 2) <> 0 AND
        (@TablesToDeleteFrom & 4) <> 0 AND
        (@TablesToDeleteFrom & 8) <> 0 AND
        (EXISTS (SELECT UserId FROM dbo.aspnet_Users WHERE @UserId = UserId)))
    BEGIN
        DELETE FROM dbo.aspnet_Users WHERE @UserId = UserId

        SELECT @ErrorCode = @@ERROR,
                @RowCount = @@ROWCOUNT

        IF( @ErrorCode <> 0 )
            GOTO Cleanup

        IF (@RowCount <> 0)
            SELECT  @NumTablesDeletedFrom = @NumTablesDeletedFrom + 1
    END

    IF( @TranStarted = 1 )
    BEGIN
	    SET @TranStarted = 0
	    COMMIT TRANSACTION
    END

    RETURN 0

Cleanup:
    SET @NumTablesDeletedFrom = 0

    IF( @TranStarted = 1 )
    BEGIN
        SET @TranStarted = 0
	    ROLLBACK TRANSACTION
    END

    RETURN @ErrorCode

END
GO
SET ANSI_NULLS ON
GO
SET QUOTED_IDENTIFIER OFF
GO

CREATE PROCEDURE dbo.aspnet_Roles_DeleteRole
    @ApplicationName            nvarchar(256),
    @RoleName                   nvarchar(256),
    @DeleteOnlyIfRoleIsEmpty    bit
AS
BEGIN
    DECLARE @ApplicationId uniqueidentifier
    SELECT  @ApplicationId = NULL
    SELECT  @ApplicationId = ApplicationId FROM aspnet_Applications WHERE LOWER(@ApplicationName) = LoweredApplicationName
    IF (@ApplicationId IS NULL)
        RETURN(1)

    DECLARE @ErrorCode     int
    SET @ErrorCode = 0

    DECLARE @TranStarted   bit
    SET @TranStarted = 0

    IF( @@TRANCOUNT = 0 )
    BEGIN
        BEGIN TRANSACTION
        SET @TranStarted = 1
    END
    ELSE
        SET @TranStarted = 0

    DECLARE @RoleId   uniqueidentifier
    SELECT  @RoleId = NULL
    SELECT  @RoleId = RoleId FROM dbo.aspnet_Roles WHERE LoweredRoleName = LOWER(@RoleName) AND ApplicationId = @ApplicationId

    IF (@RoleId IS NULL)
    BEGIN
        SELECT @ErrorCode = 1
        GOTO Cleanup
    END
    IF (@DeleteOnlyIfRoleIsEmpty <> 0)
    BEGIN
        IF (EXISTS (SELECT RoleId FROM dbo.aspnet_UsersInRoles  WHERE @RoleId = RoleId))
        BEGIN
            SELECT @ErrorCode = 2
            GOTO Cleanup
        END
    END


    DELETE FROM dbo.aspnet_UsersInRoles  WHERE @RoleId = RoleId

    IF( @@ERROR <> 0 )
    BEGIN
        SET @ErrorCode = -1
        GOTO Cleanup
    END

    DELETE FROM dbo.aspnet_Roles WHERE @RoleId = RoleId  AND ApplicationId = @ApplicationId

    IF( @@ERROR <> 0 )
    BEGIN
        SET @ErrorCode = -1
        GOTO Cleanup
    END

    IF( @TranStarted = 1 )
    BEGIN
        SET @TranStarted = 0
        COMMIT TRANSACTION
    END

    RETURN(0)

Cleanup:

    IF( @TranStarted = 1 )
    BEGIN
        SET @TranStarted = 0
        ROLLBACK TRANSACTION
    END

    RETURN @ErrorCode
END
GO
SET ANSI_NULLS ON
GO
SET QUOTED_IDENTIFIER OFF
GO
CREATE PROCEDURE dbo.aspnet_Membership_UpdateUserInfo
    @ApplicationName                nvarchar(256),
    @UserName                       nvarchar(256),
    @IsPasswordCorrect              bit,
    @UpdateLastLoginActivityDate    bit,
    @MaxInvalidPasswordAttempts     int,
    @PasswordAttemptWindow          int,
    @CurrentTimeUtc                 datetime,
    @LastLoginDate                  datetime,
    @LastActivityDate               datetime
AS
BEGIN
    DECLARE @UserId                                 uniqueidentifier
    DECLARE @IsApproved                             bit
    DECLARE @IsLockedOut                            bit
    DECLARE @LastLockoutDate                        datetime
    DECLARE @FailedPasswordAttemptCount             int
    DECLARE @FailedPasswordAttemptWindowStart       datetime
    DECLARE @FailedPasswordAnswerAttemptCount       int
    DECLARE @FailedPasswordAnswerAttemptWindowStart datetime

    DECLARE @ErrorCode     int
    SET @ErrorCode = 0

    DECLARE @TranStarted   bit
    SET @TranStarted = 0

    IF( @@TRANCOUNT = 0 )
    BEGIN
	    BEGIN TRANSACTION
	    SET @TranStarted = 1
    END
    ELSE
    	SET @TranStarted = 0

    SELECT  @UserId = u.UserId,
            @IsApproved = m.IsApproved,
            @IsLockedOut = m.IsLockedOut,
            @LastLockoutDate = m.LastLockoutDate,
            @FailedPasswordAttemptCount = m.FailedPasswordAttemptCount,
            @FailedPasswordAttemptWindowStart = m.FailedPasswordAttemptWindowStart,
            @FailedPasswordAnswerAttemptCount = m.FailedPasswordAnswerAttemptCount,
            @FailedPasswordAnswerAttemptWindowStart = m.FailedPasswordAnswerAttemptWindowStart
    FROM    dbo.aspnet_Applications a, dbo.aspnet_Users u, dbo.aspnet_Membership m WITH ( UPDLOCK )
    WHERE   LOWER(@ApplicationName) = a.LoweredApplicationName AND
            u.ApplicationId = a.ApplicationId    AND
            u.UserId = m.UserId AND
            LOWER(@UserName) = u.LoweredUserName

    IF ( @@rowcount = 0 )
    BEGIN
        SET @ErrorCode = 1
        GOTO Cleanup
    END

    IF( @IsLockedOut = 1 )
    BEGIN
        GOTO Cleanup
    END

    IF( @IsPasswordCorrect = 0 )
    BEGIN
        IF( @CurrentTimeUtc > DATEADD( minute, @PasswordAttemptWindow, @FailedPasswordAttemptWindowStart ) )
        BEGIN
            SET @FailedPasswordAttemptWindowStart = @CurrentTimeUtc
            SET @FailedPasswordAttemptCount = 1
        END
        ELSE
        BEGIN
            SET @FailedPasswordAttemptWindowStart = @CurrentTimeUtc
            SET @FailedPasswordAttemptCount = @FailedPasswordAttemptCount + 1
        END

        BEGIN
            IF( @FailedPasswordAttemptCount >= @MaxInvalidPasswordAttempts )
            BEGIN
                SET @IsLockedOut = 1
                SET @LastLockoutDate = @CurrentTimeUtc
            END
        END
    END
    ELSE
    BEGIN
        IF( @FailedPasswordAttemptCount > 0 OR @FailedPasswordAnswerAttemptCount > 0 )
        BEGIN
            SET @FailedPasswordAttemptCount = 0
            SET @FailedPasswordAttemptWindowStart = CONVERT( datetime, '17540101', 112 )
            SET @FailedPasswordAnswerAttemptCount = 0
            SET @FailedPasswordAnswerAttemptWindowStart = CONVERT( datetime, '17540101', 112 )
            SET @LastLockoutDate = CONVERT( datetime, '17540101', 112 )
        END
    END

    IF( @UpdateLastLoginActivityDate = 1 )
    BEGIN
        UPDATE  dbo.aspnet_Users
        SET     LastActivityDate = @LastActivityDate
        WHERE   @UserId = UserId

        IF( @@ERROR <> 0 )
        BEGIN
            SET @ErrorCode = -1
            GOTO Cleanup
        END

        UPDATE  dbo.aspnet_Membership
        SET     LastLoginDate = @LastLoginDate
        WHERE   UserId = @UserId

        IF( @@ERROR <> 0 )
        BEGIN
            SET @ErrorCode = -1
            GOTO Cleanup
        END
    END


    UPDATE dbo.aspnet_Membership
    SET IsLockedOut = @IsLockedOut, LastLockoutDate = @LastLockoutDate,
        FailedPasswordAttemptCount = @FailedPasswordAttemptCount,
        FailedPasswordAttemptWindowStart = @FailedPasswordAttemptWindowStart,
        FailedPasswordAnswerAttemptCount = @FailedPasswordAnswerAttemptCount,
        FailedPasswordAnswerAttemptWindowStart = @FailedPasswordAnswerAttemptWindowStart
    WHERE @UserId = UserId

    IF( @@ERROR <> 0 )
    BEGIN
        SET @ErrorCode = -1
        GOTO Cleanup
    END

    IF( @TranStarted = 1 )
    BEGIN
	SET @TranStarted = 0
	COMMIT TRANSACTION
    END

    RETURN @ErrorCode

Cleanup:

    IF( @TranStarted = 1 )
    BEGIN
        SET @TranStarted = 0
    	ROLLBACK TRANSACTION
    END

    RETURN @ErrorCode

END
GO
SET ANSI_NULLS ON
GO
SET QUOTED_IDENTIFIER OFF
GO
CREATE PROCEDURE dbo.aspnet_Membership_UpdateUser
    @ApplicationName      nvarchar(256),
    @UserName             nvarchar(256),
    @Email                nvarchar(256),
    @Comment              ntext,
    @IsApproved           bit,
    @LastLoginDate        datetime,
    @LastActivityDate     datetime,
    @UniqueEmail          int,
    @CurrentTimeUtc       datetime
AS
BEGIN
    DECLARE @UserId uniqueidentifier
    DECLARE @ApplicationId uniqueidentifier
    SELECT  @UserId = NULL
    SELECT  @UserId = u.UserId, @ApplicationId = a.ApplicationId
    FROM    dbo.aspnet_Users u, dbo.aspnet_Applications a, dbo.aspnet_Membership m
    WHERE   LoweredUserName = LOWER(@UserName) AND
            u.ApplicationId = a.ApplicationId  AND
            LOWER(@ApplicationName) = a.LoweredApplicationName AND
            u.UserId = m.UserId

    IF (@UserId IS NULL)
        RETURN(1)

    IF (@UniqueEmail = 1)
    BEGIN
        IF (EXISTS (SELECT *
                    FROM  dbo.aspnet_Membership WITH (UPDLOCK, HOLDLOCK)
                    WHERE ApplicationId = @ApplicationId  AND @UserId <> UserId AND LoweredEmail = LOWER(@Email)))
        BEGIN
            RETURN(7)
        END
    END

    DECLARE @TranStarted   bit
    SET @TranStarted = 0

    IF( @@TRANCOUNT = 0 )
    BEGIN
	    BEGIN TRANSACTION
	    SET @TranStarted = 1
    END
    ELSE
	SET @TranStarted = 0

    UPDATE dbo.aspnet_Users WITH (ROWLOCK)
    SET
         LastActivityDate = @LastActivityDate
    WHERE
       @UserId = UserId

    IF( @@ERROR <> 0 )
        GOTO Cleanup

    UPDATE dbo.aspnet_Membership WITH (ROWLOCK)
    SET
         Email            = @Email,
         LoweredEmail     = LOWER(@Email),
         Comment          = @Comment,
         IsApproved       = @IsApproved,
         LastLoginDate    = @LastLoginDate
    WHERE
       @UserId = UserId

    IF( @@ERROR <> 0 )
        GOTO Cleanup

    IF( @TranStarted = 1 )
    BEGIN
	SET @TranStarted = 0
	COMMIT TRANSACTION
    END

    RETURN 0

Cleanup:

    IF( @TranStarted = 1 )
    BEGIN
        SET @TranStarted = 0
    	ROLLBACK TRANSACTION
    END

    RETURN -1
END
GO
SET ANSI_NULLS ON
GO
SET QUOTED_IDENTIFIER OFF
GO
CREATE PROCEDURE dbo.aspnet_Membership_UnlockUser
    @ApplicationName                         nvarchar(256),
    @UserName                                nvarchar(256)
AS
BEGIN
    DECLARE @UserId uniqueidentifier
    SELECT  @UserId = NULL
    SELECT  @UserId = u.UserId
    FROM    dbo.aspnet_Users u, dbo.aspnet_Applications a, dbo.aspnet_Membership m
    WHERE   LoweredUserName = LOWER(@UserName) AND
            u.ApplicationId = a.ApplicationId  AND
            LOWER(@ApplicationName) = a.LoweredApplicationName AND
            u.UserId = m.UserId

    IF ( @UserId IS NULL )
        RETURN 1

    UPDATE dbo.aspnet_Membership
    SET IsLockedOut = 0,
        FailedPasswordAttemptCount = 0,
        FailedPasswordAttemptWindowStart = CONVERT( datetime, '17540101', 112 ),
        FailedPasswordAnswerAttemptCount = 0,
        FailedPasswordAnswerAttemptWindowStart = CONVERT( datetime, '17540101', 112 ),
        LastLockoutDate = CONVERT( datetime, '17540101', 112 )
    WHERE @UserId = UserId

    RETURN 0
END
GO
SET ANSI_NULLS ON
GO
SET QUOTED_IDENTIFIER OFF
GO
CREATE PROCEDURE dbo.aspnet_Membership_SetPassword
    @ApplicationName  nvarchar(256),
    @UserName         nvarchar(256),
    @NewPassword      nvarchar(128),
    @PasswordSalt     nvarchar(128),
    @CurrentTimeUtc   datetime,
    @PasswordFormat   int = 0
AS
BEGIN
    DECLARE @UserId uniqueidentifier
    SELECT  @UserId = NULL
    SELECT  @UserId = u.UserId
    FROM    dbo.aspnet_Users u, dbo.aspnet_Applications a, dbo.aspnet_Membership m
    WHERE   LoweredUserName = LOWER(@UserName) AND
            u.ApplicationId = a.ApplicationId  AND
            LOWER(@ApplicationName) = a.LoweredApplicationName AND
            u.UserId = m.UserId

    IF (@UserId IS NULL)
        RETURN(1)

    UPDATE dbo.aspnet_Membership
    SET Password = @NewPassword, PasswordFormat = @PasswordFormat, PasswordSalt = @PasswordSalt,
        LastPasswordChangedDate = @CurrentTimeUtc
    WHERE @UserId = UserId
    RETURN(0)
END
GO
SET ANSI_NULLS ON
GO
SET QUOTED_IDENTIFIER OFF
GO
CREATE PROCEDURE dbo.aspnet_Membership_ResetPassword
    @ApplicationName             nvarchar(256),
    @UserName                    nvarchar(256),
    @NewPassword                 nvarchar(128),
    @MaxInvalidPasswordAttempts  int,
    @PasswordAttemptWindow       int,
    @PasswordSalt                nvarchar(128),
    @CurrentTimeUtc              datetime,
    @PasswordFormat              int = 0,
    @PasswordAnswer              nvarchar(128) = NULL
AS
BEGIN
    DECLARE @IsLockedOut                            bit
    DECLARE @LastLockoutDate                        datetime
    DECLARE @FailedPasswordAttemptCount             int
    DECLARE @FailedPasswordAttemptWindowStart       datetime
    DECLARE @FailedPasswordAnswerAttemptCount       int
    DECLARE @FailedPasswordAnswerAttemptWindowStart datetime

    DECLARE @UserId                                 uniqueidentifier
    SET     @UserId = NULL

    DECLARE @ErrorCode     int
    SET @ErrorCode = 0

    DECLARE @TranStarted   bit
    SET @TranStarted = 0

    IF( @@TRANCOUNT = 0 )
    BEGIN
	    BEGIN TRANSACTION
	    SET @TranStarted = 1
    END
    ELSE
    	SET @TranStarted = 0

    SELECT  @UserId = u.UserId
    FROM    dbo.aspnet_Users u, dbo.aspnet_Applications a, dbo.aspnet_Membership m
    WHERE   LoweredUserName = LOWER(@UserName) AND
            u.ApplicationId = a.ApplicationId  AND
            LOWER(@ApplicationName) = a.LoweredApplicationName AND
            u.UserId = m.UserId

    IF ( @UserId IS NULL )
    BEGIN
        SET @ErrorCode = 1
        GOTO Cleanup
    END

    SELECT @IsLockedOut = IsLockedOut,
           @LastLockoutDate = LastLockoutDate,
           @FailedPasswordAttemptCount = FailedPasswordAttemptCount,
           @FailedPasswordAttemptWindowStart = FailedPasswordAttemptWindowStart,
           @FailedPasswordAnswerAttemptCount = FailedPasswordAnswerAttemptCount,
           @FailedPasswordAnswerAttemptWindowStart = FailedPasswordAnswerAttemptWindowStart
    FROM dbo.aspnet_Membership WITH ( UPDLOCK )
    WHERE @UserId = UserId

    IF( @IsLockedOut = 1 )
    BEGIN
        SET @ErrorCode = 99
        GOTO Cleanup
    END

    UPDATE dbo.aspnet_Membership
    SET    Password = @NewPassword,
           LastPasswordChangedDate = @CurrentTimeUtc,
           PasswordFormat = @PasswordFormat,
           PasswordSalt = @PasswordSalt
    WHERE  @UserId = UserId AND
           ( ( @PasswordAnswer IS NULL ) OR ( LOWER( PasswordAnswer ) = LOWER( @PasswordAnswer ) ) )

    IF ( @@ROWCOUNT = 0 )
        BEGIN
            IF( @CurrentTimeUtc > DATEADD( minute, @PasswordAttemptWindow, @FailedPasswordAnswerAttemptWindowStart ) )
            BEGIN
                SET @FailedPasswordAnswerAttemptWindowStart = @CurrentTimeUtc
                SET @FailedPasswordAnswerAttemptCount = 1
            END
            ELSE
            BEGIN
                SET @FailedPasswordAnswerAttemptWindowStart = @CurrentTimeUtc
                SET @FailedPasswordAnswerAttemptCount = @FailedPasswordAnswerAttemptCount + 1
            END

            BEGIN
                IF( @FailedPasswordAnswerAttemptCount >= @MaxInvalidPasswordAttempts )
                BEGIN
                    SET @IsLockedOut = 1
                    SET @LastLockoutDate = @CurrentTimeUtc
                END
            END

            SET @ErrorCode = 3
        END
    ELSE
        BEGIN
            IF( @FailedPasswordAnswerAttemptCount > 0 )
            BEGIN
                SET @FailedPasswordAnswerAttemptCount = 0
                SET @FailedPasswordAnswerAttemptWindowStart = CONVERT( datetime, '17540101', 112 )
            END
        END

    IF( NOT ( @PasswordAnswer IS NULL ) )
    BEGIN
        UPDATE dbo.aspnet_Membership
        SET IsLockedOut = @IsLockedOut, LastLockoutDate = @LastLockoutDate,
            FailedPasswordAttemptCount = @FailedPasswordAttemptCount,
            FailedPasswordAttemptWindowStart = @FailedPasswordAttemptWindowStart,
            FailedPasswordAnswerAttemptCount = @FailedPasswordAnswerAttemptCount,
            FailedPasswordAnswerAttemptWindowStart = @FailedPasswordAnswerAttemptWindowStart
        WHERE @UserId = UserId

        IF( @@ERROR <> 0 )
        BEGIN
            SET @ErrorCode = -1
            GOTO Cleanup
        END
    END

    IF( @TranStarted = 1 )
    BEGIN
	SET @TranStarted = 0
	COMMIT TRANSACTION
    END

    RETURN @ErrorCode

Cleanup:

    IF( @TranStarted = 1 )
    BEGIN
        SET @TranStarted = 0
    	ROLLBACK TRANSACTION
    END

    RETURN @ErrorCode

END
GO
SET ANSI_NULLS ON
GO
SET QUOTED_IDENTIFIER OFF
GO
CREATE PROCEDURE dbo.aspnet_Membership_GetUserByUserId
    @UserId               uniqueidentifier,
    @CurrentTimeUtc       datetime,
    @UpdateLastActivity   bit = 0
AS
BEGIN
    IF ( @UpdateLastActivity = 1 )
    BEGIN
        UPDATE   dbo.aspnet_Users
        SET      LastActivityDate = @CurrentTimeUtc
        FROM     dbo.aspnet_Users
        WHERE    @UserId = UserId

        IF ( @@ROWCOUNT = 0 ) -- User ID not found
            RETURN -1
    END

    SELECT  m.Email, m.PasswordQuestion, m.Comment, m.IsApproved,
            m.CreateDate, m.LastLoginDate, u.LastActivityDate,
            m.LastPasswordChangedDate, u.UserName, m.IsLockedOut,
            m.LastLockoutDate
    FROM    dbo.aspnet_Users u, dbo.aspnet_Membership m
    WHERE   @UserId = u.UserId AND u.UserId = m.UserId

    IF ( @@ROWCOUNT = 0 ) -- User ID not found
       RETURN -1

    RETURN 0
END
GO
SET ANSI_NULLS ON
GO
SET QUOTED_IDENTIFIER OFF
GO
CREATE PROCEDURE dbo.aspnet_Membership_GetUserByName
    @ApplicationName      nvarchar(256),
    @UserName             nvarchar(256),
    @CurrentTimeUtc       datetime,
    @UpdateLastActivity   bit = 0
AS
BEGIN
    DECLARE @UserId uniqueidentifier

    IF (@UpdateLastActivity = 1)
    BEGIN
        -- select user ID from aspnet_users table
        SELECT TOP 1 @UserId = u.UserId
        FROM    dbo.aspnet_Applications a, dbo.aspnet_Users u, dbo.aspnet_Membership m
        WHERE    LOWER(@ApplicationName) = a.LoweredApplicationName AND
                u.ApplicationId = a.ApplicationId    AND
                LOWER(@UserName) = u.LoweredUserName AND u.UserId = m.UserId

        IF (@@ROWCOUNT = 0) -- Username not found
            RETURN -1

        UPDATE   dbo.aspnet_Users
        SET      LastActivityDate = @CurrentTimeUtc
        WHERE    @UserId = UserId

        SELECT m.Email, m.PasswordQuestion, m.Comment, m.IsApproved,
                m.CreateDate, m.LastLoginDate, u.LastActivityDate, m.LastPasswordChangedDate,
                u.UserId, m.IsLockedOut, m.LastLockoutDate
        FROM    dbo.aspnet_Applications a, dbo.aspnet_Users u, dbo.aspnet_Membership m
        WHERE  @UserId = u.UserId AND u.UserId = m.UserId 
    END
    ELSE
    BEGIN
        SELECT TOP 1 m.Email, m.PasswordQuestion, m.Comment, m.IsApproved,
                m.CreateDate, m.LastLoginDate, u.LastActivityDate, m.LastPasswordChangedDate,
                u.UserId, m.IsLockedOut,m.LastLockoutDate
        FROM    dbo.aspnet_Applications a, dbo.aspnet_Users u, dbo.aspnet_Membership m
        WHERE    LOWER(@ApplicationName) = a.LoweredApplicationName AND
                u.ApplicationId = a.ApplicationId    AND
                LOWER(@UserName) = u.LoweredUserName AND u.UserId = m.UserId

        IF (@@ROWCOUNT = 0) -- Username not found
            RETURN -1
    END

    RETURN 0
END
GO
SET ANSI_NULLS ON
GO
SET QUOTED_IDENTIFIER OFF
GO
CREATE PROCEDURE dbo.aspnet_Membership_GetUserByEmail
    @ApplicationName  nvarchar(256),
    @Email            nvarchar(256)
AS
BEGIN
    IF( @Email IS NULL )
        SELECT  u.UserName
        FROM    dbo.aspnet_Applications a, dbo.aspnet_Users u, dbo.aspnet_Membership m
        WHERE   LOWER(@ApplicationName) = a.LoweredApplicationName AND
                u.ApplicationId = a.ApplicationId    AND
                u.UserId = m.UserId AND
                m.ApplicationId = a.ApplicationId AND
                m.LoweredEmail IS NULL
    ELSE
        SELECT  u.UserName
        FROM    dbo.aspnet_Applications a, dbo.aspnet_Users u, dbo.aspnet_Membership m
        WHERE   LOWER(@ApplicationName) = a.LoweredApplicationName AND
                u.ApplicationId = a.ApplicationId    AND
                u.UserId = m.UserId AND
                m.ApplicationId = a.ApplicationId AND
                LOWER(@Email) = m.LoweredEmail

    IF (@@rowcount = 0)
        RETURN(1)
    RETURN(0)
END
GO
SET ANSI_NULLS ON
GO
SET QUOTED_IDENTIFIER OFF
GO
CREATE PROCEDURE dbo.aspnet_Membership_GetPasswordWithFormat
    @ApplicationName                nvarchar(256),
    @UserName                       nvarchar(256),
    @UpdateLastLoginActivityDate    bit,
    @CurrentTimeUtc                 datetime
AS
BEGIN
    DECLARE @IsLockedOut                        bit
    DECLARE @UserId                             uniqueidentifier
    DECLARE @Password                           nvarchar(128)
    DECLARE @PasswordSalt                       nvarchar(128)
    DECLARE @PasswordFormat                     int
    DECLARE @FailedPasswordAttemptCount         int
    DECLARE @FailedPasswordAnswerAttemptCount   int
    DECLARE @IsApproved                         bit
    DECLARE @LastActivityDate                   datetime
    DECLARE @LastLoginDate                      datetime

    SELECT  @UserId          = NULL

    SELECT  @UserId = u.UserId, @IsLockedOut = m.IsLockedOut, @Password=Password, @PasswordFormat=PasswordFormat,
            @PasswordSalt=PasswordSalt, @FailedPasswordAttemptCount=FailedPasswordAttemptCount,
		    @FailedPasswordAnswerAttemptCount=FailedPasswordAnswerAttemptCount, @IsApproved=IsApproved,
            @LastActivityDate = LastActivityDate, @LastLoginDate = LastLoginDate
    FROM    dbo.aspnet_Applications a, dbo.aspnet_Users u, dbo.aspnet_Membership m
    WHERE   LOWER(@ApplicationName) = a.LoweredApplicationName AND
            u.ApplicationId = a.ApplicationId    AND
            u.UserId = m.UserId AND
            LOWER(@UserName) = u.LoweredUserName

    IF (@UserId IS NULL)
        RETURN 1

    IF (@IsLockedOut = 1)
        RETURN 99

    SELECT   @Password, @PasswordFormat, @PasswordSalt, @FailedPasswordAttemptCount,
             @FailedPasswordAnswerAttemptCount, @IsApproved, @LastLoginDate, @LastActivityDate

    IF (@UpdateLastLoginActivityDate = 1 AND @IsApproved = 1)
    BEGIN
        UPDATE  dbo.aspnet_Membership
        SET     LastLoginDate = @CurrentTimeUtc
        WHERE   UserId = @UserId

        UPDATE  dbo.aspnet_Users
        SET     LastActivityDate = @CurrentTimeUtc
        WHERE   @UserId = UserId
    END


    RETURN 0
END
GO
SET ANSI_NULLS ON
GO
SET QUOTED_IDENTIFIER OFF
GO
CREATE PROCEDURE dbo.aspnet_Membership_GetPassword
    @ApplicationName                nvarchar(256),
    @UserName                       nvarchar(256),
    @MaxInvalidPasswordAttempts     int,
    @PasswordAttemptWindow          int,
    @CurrentTimeUtc                 datetime,
    @PasswordAnswer                 nvarchar(128) = NULL
AS
BEGIN
    DECLARE @UserId                                 uniqueidentifier
    DECLARE @PasswordFormat                         int
    DECLARE @Password                               nvarchar(128)
    DECLARE @passAns                                nvarchar(128)
    DECLARE @IsLockedOut                            bit
    DECLARE @LastLockoutDate                        datetime
    DECLARE @FailedPasswordAttemptCount             int
    DECLARE @FailedPasswordAttemptWindowStart       datetime
    DECLARE @FailedPasswordAnswerAttemptCount       int
    DECLARE @FailedPasswordAnswerAttemptWindowStart datetime

    DECLARE @ErrorCode     int
    SET @ErrorCode = 0

    DECLARE @TranStarted   bit
    SET @TranStarted = 0

    IF( @@TRANCOUNT = 0 )
    BEGIN
	    BEGIN TRANSACTION
	    SET @TranStarted = 1
    END
    ELSE
    	SET @TranStarted = 0

    SELECT  @UserId = u.UserId,
            @Password = m.Password,
            @passAns = m.PasswordAnswer,
            @PasswordFormat = m.PasswordFormat,
            @IsLockedOut = m.IsLockedOut,
            @LastLockoutDate = m.LastLockoutDate,
            @FailedPasswordAttemptCount = m.FailedPasswordAttemptCount,
            @FailedPasswordAttemptWindowStart = m.FailedPasswordAttemptWindowStart,
            @FailedPasswordAnswerAttemptCount = m.FailedPasswordAnswerAttemptCount,
            @FailedPasswordAnswerAttemptWindowStart = m.FailedPasswordAnswerAttemptWindowStart
    FROM    dbo.aspnet_Applications a, dbo.aspnet_Users u, dbo.aspnet_Membership m WITH ( UPDLOCK )
    WHERE   LOWER(@ApplicationName) = a.LoweredApplicationName AND
            u.ApplicationId = a.ApplicationId    AND
            u.UserId = m.UserId AND
            LOWER(@UserName) = u.LoweredUserName

    IF ( @@rowcount = 0 )
    BEGIN
        SET @ErrorCode = 1
        GOTO Cleanup
    END

    IF( @IsLockedOut = 1 )
    BEGIN
        SET @ErrorCode = 99
        GOTO Cleanup
    END

    IF ( NOT( @PasswordAnswer IS NULL ) )
    BEGIN
        IF( ( @passAns IS NULL ) OR ( LOWER( @passAns ) <> LOWER( @PasswordAnswer ) ) )
        BEGIN
            IF( @CurrentTimeUtc > DATEADD( minute, @PasswordAttemptWindow, @FailedPasswordAnswerAttemptWindowStart ) )
            BEGIN
                SET @FailedPasswordAnswerAttemptWindowStart = @CurrentTimeUtc
                SET @FailedPasswordAnswerAttemptCount = 1
            END
            ELSE
            BEGIN
                SET @FailedPasswordAnswerAttemptCount = @FailedPasswordAnswerAttemptCount + 1
                SET @FailedPasswordAnswerAttemptWindowStart = @CurrentTimeUtc
            END

            BEGIN
                IF( @FailedPasswordAnswerAttemptCount >= @MaxInvalidPasswordAttempts )
                BEGIN
                    SET @IsLockedOut = 1
                    SET @LastLockoutDate = @CurrentTimeUtc
                END
            END

            SET @ErrorCode = 3
        END
        ELSE
        BEGIN
            IF( @FailedPasswordAnswerAttemptCount > 0 )
            BEGIN
                SET @FailedPasswordAnswerAttemptCount = 0
                SET @FailedPasswordAnswerAttemptWindowStart = CONVERT( datetime, '17540101', 112 )
            END
        END

        UPDATE dbo.aspnet_Membership
        SET IsLockedOut = @IsLockedOut, LastLockoutDate = @LastLockoutDate,
            FailedPasswordAttemptCount = @FailedPasswordAttemptCount,
            FailedPasswordAttemptWindowStart = @FailedPasswordAttemptWindowStart,
            FailedPasswordAnswerAttemptCount = @FailedPasswordAnswerAttemptCount,
            FailedPasswordAnswerAttemptWindowStart = @FailedPasswordAnswerAttemptWindowStart
        WHERE @UserId = UserId

        IF( @@ERROR <> 0 )
        BEGIN
            SET @ErrorCode = -1
            GOTO Cleanup
        END
    END

    IF( @TranStarted = 1 )
    BEGIN
	SET @TranStarted = 0
	COMMIT TRANSACTION
    END

    IF( @ErrorCode = 0 )
        SELECT @Password, @PasswordFormat

    RETURN @ErrorCode

Cleanup:

    IF( @TranStarted = 1 )
    BEGIN
        SET @TranStarted = 0
    	ROLLBACK TRANSACTION
    END

    RETURN @ErrorCode

END
GO
SET ANSI_NULLS ON
GO
SET QUOTED_IDENTIFIER OFF
GO
CREATE PROCEDURE dbo.aspnet_Membership_GetNumberOfUsersOnline
    @ApplicationName            nvarchar(256),
    @MinutesSinceLastInActive   int,
    @CurrentTimeUtc             datetime
AS
BEGIN
    DECLARE @DateActive datetime
    SELECT  @DateActive = DATEADD(minute,  -(@MinutesSinceLastInActive), @CurrentTimeUtc)

    DECLARE @NumOnline int
    SELECT  @NumOnline = COUNT(*)
    FROM    dbo.aspnet_Users u(NOLOCK),
            dbo.aspnet_Applications a(NOLOCK),
            dbo.aspnet_Membership m(NOLOCK)
    WHERE   u.ApplicationId = a.ApplicationId                  AND
            LastActivityDate > @DateActive                     AND
            a.LoweredApplicationName = LOWER(@ApplicationName) AND
            u.UserId = m.UserId
    RETURN(@NumOnline)
END
GO
SET ANSI_NULLS ON
GO
SET QUOTED_IDENTIFIER OFF
GO
CREATE PROCEDURE dbo.aspnet_Membership_GetAllUsers
    @ApplicationName       nvarchar(256),
    @PageIndex             int,
    @PageSize              int
AS
BEGIN
    DECLARE @ApplicationId uniqueidentifier
    SELECT  @ApplicationId = NULL
    SELECT  @ApplicationId = ApplicationId FROM dbo.aspnet_Applications WHERE LOWER(@ApplicationName) = LoweredApplicationName
    IF (@ApplicationId IS NULL)
        RETURN 0


    -- Set the page bounds
    DECLARE @PageLowerBound int
    DECLARE @PageUpperBound int
    DECLARE @TotalRecords   int
    SET @PageLowerBound = @PageSize * @PageIndex
    SET @PageUpperBound = @PageSize - 1 + @PageLowerBound

    -- Create a temp table TO store the select results
    CREATE TABLE #PageIndexForUsers
    (
        IndexId int IDENTITY (0, 1) NOT NULL,
        UserId uniqueidentifier
    )

    -- Insert into our temp table
    INSERT INTO #PageIndexForUsers (UserId)
    SELECT u.UserId
    FROM   dbo.aspnet_Membership m, dbo.aspnet_Users u
    WHERE  u.ApplicationId = @ApplicationId AND u.UserId = m.UserId
    ORDER BY u.UserName

    SELECT @TotalRecords = @@ROWCOUNT

    SELECT u.UserName, m.Email, m.PasswordQuestion, m.Comment, m.IsApproved,
            m.CreateDate,
            m.LastLoginDate,
            u.LastActivityDate,
            m.LastPasswordChangedDate,
            u.UserId, m.IsLockedOut,
            m.LastLockoutDate
    FROM   dbo.aspnet_Membership m, dbo.aspnet_Users u, #PageIndexForUsers p
    WHERE  u.UserId = p.UserId AND u.UserId = m.UserId AND
           p.IndexId >= @PageLowerBound AND p.IndexId <= @PageUpperBound
    ORDER BY u.UserName
    RETURN @TotalRecords
END
GO
SET ANSI_NULLS ON
GO
SET QUOTED_IDENTIFIER OFF
GO
CREATE PROCEDURE dbo.aspnet_Membership_FindUsersByName
    @ApplicationName       nvarchar(256),
    @UserNameToMatch       nvarchar(256),
    @PageIndex             int,
    @PageSize              int
AS
BEGIN
    DECLARE @ApplicationId uniqueidentifier
    SELECT  @ApplicationId = NULL
    SELECT  @ApplicationId = ApplicationId FROM dbo.aspnet_Applications WHERE LOWER(@ApplicationName) = LoweredApplicationName
    IF (@ApplicationId IS NULL)
        RETURN 0

    -- Set the page bounds
    DECLARE @PageLowerBound int
    DECLARE @PageUpperBound int
    DECLARE @TotalRecords   int
    SET @PageLowerBound = @PageSize * @PageIndex
    SET @PageUpperBound = @PageSize - 1 + @PageLowerBound

    -- Create a temp table TO store the select results
    CREATE TABLE #PageIndexForUsers
    (
        IndexId int IDENTITY (0, 1) NOT NULL,
        UserId uniqueidentifier
    )

    -- Insert into our temp table
    INSERT INTO #PageIndexForUsers (UserId)
        SELECT u.UserId
        FROM   dbo.aspnet_Users u, dbo.aspnet_Membership m
        WHERE  u.ApplicationId = @ApplicationId AND m.UserId = u.UserId AND u.LoweredUserName LIKE LOWER(@UserNameToMatch)
        ORDER BY u.UserName


    SELECT  u.UserName, m.Email, m.PasswordQuestion, m.Comment, m.IsApproved,
            m.CreateDate,
            m.LastLoginDate,
            u.LastActivityDate,
            m.LastPasswordChangedDate,
            u.UserId, m.IsLockedOut,
            m.LastLockoutDate
    FROM   dbo.aspnet_Membership m, dbo.aspnet_Users u, #PageIndexForUsers p
    WHERE  u.UserId = p.UserId AND u.UserId = m.UserId AND
           p.IndexId >= @PageLowerBound AND p.IndexId <= @PageUpperBound
    ORDER BY u.UserName

    SELECT  @TotalRecords = COUNT(*)
    FROM    #PageIndexForUsers
    RETURN @TotalRecords
END
GO
SET ANSI_NULLS ON
GO
SET QUOTED_IDENTIFIER OFF
GO
CREATE PROCEDURE dbo.aspnet_Membership_FindUsersByEmail
    @ApplicationName       nvarchar(256),
    @EmailToMatch          nvarchar(256),
    @PageIndex             int,
    @PageSize              int
AS
BEGIN
    DECLARE @ApplicationId uniqueidentifier
    SELECT  @ApplicationId = NULL
    SELECT  @ApplicationId = ApplicationId FROM dbo.aspnet_Applications WHERE LOWER(@ApplicationName) = LoweredApplicationName
    IF (@ApplicationId IS NULL)
        RETURN 0

    -- Set the page bounds
    DECLARE @PageLowerBound int
    DECLARE @PageUpperBound int
    DECLARE @TotalRecords   int
    SET @PageLowerBound = @PageSize * @PageIndex
    SET @PageUpperBound = @PageSize - 1 + @PageLowerBound

    -- Create a temp table TO store the select results
    CREATE TABLE #PageIndexForUsers
    (
        IndexId int IDENTITY (0, 1) NOT NULL,
        UserId uniqueidentifier
    )

    -- Insert into our temp table
    IF( @EmailToMatch IS NULL )
        INSERT INTO #PageIndexForUsers (UserId)
            SELECT u.UserId
            FROM   dbo.aspnet_Users u, dbo.aspnet_Membership m
            WHERE  u.ApplicationId = @ApplicationId AND m.UserId = u.UserId AND m.Email IS NULL
            ORDER BY m.LoweredEmail
    ELSE
        INSERT INTO #PageIndexForUsers (UserId)
            SELECT u.UserId
            FROM   dbo.aspnet_Users u, dbo.aspnet_Membership m
            WHERE  u.ApplicationId = @ApplicationId AND m.UserId = u.UserId AND m.LoweredEmail LIKE LOWER(@EmailToMatch)
            ORDER BY m.LoweredEmail

    SELECT  u.UserName, m.Email, m.PasswordQuestion, m.Comment, m.IsApproved,
            m.CreateDate,
            m.LastLoginDate,
            u.LastActivityDate,
            m.LastPasswordChangedDate,
            u.UserId, m.IsLockedOut,
            m.LastLockoutDate
    FROM   dbo.aspnet_Membership m, dbo.aspnet_Users u, #PageIndexForUsers p
    WHERE  u.UserId = p.UserId AND u.UserId = m.UserId AND
           p.IndexId >= @PageLowerBound AND p.IndexId <= @PageUpperBound
    ORDER BY m.LoweredEmail

    SELECT  @TotalRecords = COUNT(*)
    FROM    #PageIndexForUsers
    RETURN @TotalRecords
END
GO
SET ANSI_NULLS ON
GO
SET QUOTED_IDENTIFIER OFF
GO
CREATE PROCEDURE dbo.aspnet_Membership_CreateUser
    @ApplicationName                        nvarchar(256),
    @UserName                               nvarchar(256),
    @Password                               nvarchar(128),
    @PasswordSalt                           nvarchar(128),
    @Email                                  nvarchar(256),
    @PasswordQuestion                       nvarchar(256),
    @PasswordAnswer                         nvarchar(128),
    @IsApproved                             bit,
    @CurrentTimeUtc                         datetime,
    @CreateDate                             datetime = NULL,
    @UniqueEmail                            int      = 0,
    @PasswordFormat                         int      = 0,
    @UserId                                 uniqueidentifier OUTPUT
AS
BEGIN
    DECLARE @ApplicationId uniqueidentifier
    SELECT  @ApplicationId = NULL

    DECLARE @NewUserId uniqueidentifier
    SELECT @NewUserId = NULL

    DECLARE @IsLockedOut bit
    SET @IsLockedOut = 0

    DECLARE @LastLockoutDate  datetime
    SET @LastLockoutDate = CONVERT( datetime, '17540101', 112 )

    DECLARE @FailedPasswordAttemptCount int
    SET @FailedPasswordAttemptCount = 0

    DECLARE @FailedPasswordAttemptWindowStart  datetime
    SET @FailedPasswordAttemptWindowStart = CONVERT( datetime, '17540101', 112 )

    DECLARE @FailedPasswordAnswerAttemptCount int
    SET @FailedPasswordAnswerAttemptCount = 0

    DECLARE @FailedPasswordAnswerAttemptWindowStart  datetime
    SET @FailedPasswordAnswerAttemptWindowStart = CONVERT( datetime, '17540101', 112 )

    DECLARE @NewUserCreated bit
    DECLARE @ReturnValue   int
    SET @ReturnValue = 0

    DECLARE @ErrorCode     int
    SET @ErrorCode = 0

    DECLARE @TranStarted   bit
    SET @TranStarted = 0

    IF( @@TRANCOUNT = 0 )
    BEGIN
	    BEGIN TRANSACTION
	    SET @TranStarted = 1
    END
    ELSE
    	SET @TranStarted = 0

    EXEC dbo.aspnet_Applications_CreateApplication @ApplicationName, @ApplicationId OUTPUT

    IF( @@ERROR <> 0 )
    BEGIN
        SET @ErrorCode = -1
        GOTO Cleanup
    END

    SET @CreateDate = @CurrentTimeUtc

    SELECT  @NewUserId = UserId FROM dbo.aspnet_Users WHERE LOWER(@UserName) = LoweredUserName AND @ApplicationId = ApplicationId
    IF ( @NewUserId IS NULL )
    BEGIN
        SET @NewUserId = @UserId
        EXEC @ReturnValue = dbo.aspnet_Users_CreateUser @ApplicationId, @UserName, 0, @CreateDate, @NewUserId OUTPUT
        SET @NewUserCreated = 1
    END
    ELSE
    BEGIN
        SET @NewUserCreated = 0
        IF( @NewUserId <> @UserId AND @UserId IS NOT NULL )
        BEGIN
            SET @ErrorCode = 6
            GOTO Cleanup
        END
    END

    IF( @@ERROR <> 0 )
    BEGIN
        SET @ErrorCode = -1
        GOTO Cleanup
    END

    IF( @ReturnValue = -1 )
    BEGIN
        SET @ErrorCode = 10
        GOTO Cleanup
    END

    IF ( EXISTS ( SELECT UserId
                  FROM   dbo.aspnet_Membership
                  WHERE  @NewUserId = UserId ) )
    BEGIN
        SET @ErrorCode = 6
        GOTO Cleanup
    END

    SET @UserId = @NewUserId

    IF (@UniqueEmail = 1)
    BEGIN
        IF (EXISTS (SELECT *
                    FROM  dbo.aspnet_Membership m WITH ( UPDLOCK, HOLDLOCK )
                    WHERE ApplicationId = @ApplicationId AND LoweredEmail = LOWER(@Email)))
        BEGIN
            SET @ErrorCode = 7
            GOTO Cleanup
        END
    END

    IF (@NewUserCreated = 0)
    BEGIN
        UPDATE dbo.aspnet_Users
        SET    LastActivityDate = @CreateDate
        WHERE  @UserId = UserId
        IF( @@ERROR <> 0 )
        BEGIN
            SET @ErrorCode = -1
            GOTO Cleanup
        END
    END

    INSERT INTO dbo.aspnet_Membership
                ( ApplicationId,
                  UserId,
                  Password,
                  PasswordSalt,
                  Email,
                  LoweredEmail,
                  PasswordQuestion,
                  PasswordAnswer,
                  PasswordFormat,
                  IsApproved,
                  IsLockedOut,
                  CreateDate,
                  LastLoginDate,
                  LastPasswordChangedDate,
                  LastLockoutDate,
                  FailedPasswordAttemptCount,
                  FailedPasswordAttemptWindowStart,
                  FailedPasswordAnswerAttemptCount,
                  FailedPasswordAnswerAttemptWindowStart )
         VALUES ( @ApplicationId,
                  @UserId,
                  @Password,
                  @PasswordSalt,
                  @Email,
                  LOWER(@Email),
                  @PasswordQuestion,
                  @PasswordAnswer,
                  @PasswordFormat,
                  @IsApproved,
                  @IsLockedOut,
                  @CreateDate,
                  @CreateDate,
                  @CreateDate,
                  @LastLockoutDate,
                  @FailedPasswordAttemptCount,
                  @FailedPasswordAttemptWindowStart,
                  @FailedPasswordAnswerAttemptCount,
                  @FailedPasswordAnswerAttemptWindowStart )

    IF( @@ERROR <> 0 )
    BEGIN
        SET @ErrorCode = -1
        GOTO Cleanup
    END

    IF( @TranStarted = 1 )
    BEGIN
	    SET @TranStarted = 0
	    COMMIT TRANSACTION
    END

    RETURN 0

Cleanup:

    IF( @TranStarted = 1 )
    BEGIN
        SET @TranStarted = 0
    	ROLLBACK TRANSACTION
    END

    RETURN @ErrorCode

END
GO
SET ANSI_NULLS ON
GO
SET QUOTED_IDENTIFIER OFF
GO
CREATE PROCEDURE dbo.aspnet_Membership_ChangePasswordQuestionAndAnswer
    @ApplicationName       nvarchar(256),
    @UserName              nvarchar(256),
    @NewPasswordQuestion   nvarchar(256),
    @NewPasswordAnswer     nvarchar(128)
AS
BEGIN
    DECLARE @UserId uniqueidentifier
    SELECT  @UserId = NULL
    SELECT  @UserId = u.UserId
    FROM    dbo.aspnet_Membership m, dbo.aspnet_Users u, dbo.aspnet_Applications a
    WHERE   LoweredUserName = LOWER(@UserName) AND
            u.ApplicationId = a.ApplicationId  AND
            LOWER(@ApplicationName) = a.LoweredApplicationName AND
            u.UserId = m.UserId
    IF (@UserId IS NULL)
    BEGIN
        RETURN(1)
    END

    UPDATE dbo.aspnet_Membership
    SET    PasswordQuestion = @NewPasswordQuestion, PasswordAnswer = @NewPasswordAnswer
    WHERE  UserId=@UserId
    RETURN(0)
END
GO
SET ANSI_NULLS ON
GO
SET QUOTED_IDENTIFIER OFF
GO
CREATE PROCEDURE [dbo].aspnet_AnyDataInTables
    @TablesToCheck int
AS
BEGIN
    -- Check Membership table if (@TablesToCheck & 1) is set
    IF ((@TablesToCheck & 1) <> 0 AND
        (EXISTS (SELECT name FROM sysobjects WHERE (name = N'vw_aspnet_MembershipUsers') AND (type = 'V'))))
    BEGIN
        IF (EXISTS(SELECT TOP 1 UserId FROM dbo.aspnet_Membership))
        BEGIN
            SELECT N'aspnet_Membership'
            RETURN
        END
    END

    -- Check aspnet_Roles table if (@TablesToCheck & 2) is set
    IF ((@TablesToCheck & 2) <> 0  AND
        (EXISTS (SELECT name FROM sysobjects WHERE (name = N'vw_aspnet_Roles') AND (type = 'V'))) )
    BEGIN
        IF (EXISTS(SELECT TOP 1 RoleId FROM dbo.aspnet_Roles))
        BEGIN
            SELECT N'aspnet_Roles'
            RETURN
        END
    END

    -- Check aspnet_Profile table if (@TablesToCheck & 4) is set
    IF ((@TablesToCheck & 4) <> 0  AND
        (EXISTS (SELECT name FROM sysobjects WHERE (name = N'vw_aspnet_Profiles') AND (type = 'V'))) )
    BEGIN
        IF (EXISTS(SELECT TOP 1 UserId FROM dbo.aspnet_Profile))
        BEGIN
            SELECT N'aspnet_Profile'
            RETURN
        END
    END

    -- Check aspnet_PersonalizationPerUser table if (@TablesToCheck & 8) is set
    IF ((@TablesToCheck & 8) <> 0  AND
        (EXISTS (SELECT name FROM sysobjects WHERE (name = N'vw_aspnet_WebPartState_User') AND (type = 'V'))) )
    BEGIN
        IF (EXISTS(SELECT TOP 1 UserId FROM dbo.aspnet_PersonalizationPerUser))
        BEGIN
            SELECT N'aspnet_PersonalizationPerUser'
            RETURN
        END
    END

    -- Check aspnet_PersonalizationPerUser table if (@TablesToCheck & 16) is set
    IF ((@TablesToCheck & 16) <> 0  AND
        (EXISTS (SELECT name FROM sysobjects WHERE (name = N'aspnet_WebEvent_LogEvent') AND (type = 'P'))) )
    BEGIN
        IF (EXISTS(SELECT TOP 1 * FROM dbo.aspnet_WebEvent_Events))
        BEGIN
            SELECT N'aspnet_WebEvent_Events'
            RETURN
        END
    END

    -- Check aspnet_Users table if (@TablesToCheck & 1,2,4 & 8) are all set
    IF ((@TablesToCheck & 1) <> 0 AND
        (@TablesToCheck & 2) <> 0 AND
        (@TablesToCheck & 4) <> 0 AND
        (@TablesToCheck & 8) <> 0 AND
        (@TablesToCheck & 32) <> 0 AND
        (@TablesToCheck & 128) <> 0 AND
        (@TablesToCheck & 256) <> 0 AND
        (@TablesToCheck & 512) <> 0 AND
        (@TablesToCheck & 1024) <> 0)
    BEGIN
        IF (EXISTS(SELECT TOP 1 UserId FROM dbo.aspnet_Users))
        BEGIN
            SELECT N'aspnet_Users'
            RETURN
        END
        IF (EXISTS(SELECT TOP 1 ApplicationId FROM dbo.aspnet_Applications))
        BEGIN
            SELECT N'aspnet_Applications'
            RETURN
        END
    END
END
GO
SET ANSI_NULLS ON
GO
SET QUOTED_IDENTIFIER OFF
GO
CREATE PROCEDURE dbo.aspnet_PersonalizationAdministration_ResetUserState (
    @Count                  int                 OUT,
    @ApplicationName        NVARCHAR(256),
    @InactiveSinceDate      DATETIME            = NULL,
    @UserName               NVARCHAR(256)       = NULL,
    @Path                   NVARCHAR(256)       = NULL)
AS
BEGIN
    DECLARE @ApplicationId UNIQUEIDENTIFIER
    EXEC dbo.aspnet_Personalization_GetApplicationId @ApplicationName, @ApplicationId OUTPUT
    IF (@ApplicationId IS NULL)
        SELECT @Count = 0
    ELSE
    BEGIN
        DELETE FROM dbo.aspnet_PersonalizationPerUser
        WHERE Id IN (SELECT PerUser.Id
                     FROM dbo.aspnet_PersonalizationPerUser PerUser, dbo.aspnet_Users Users, dbo.aspnet_Paths Paths
                     WHERE Paths.ApplicationId = @ApplicationId
                           AND PerUser.UserId = Users.UserId
                           AND PerUser.PathId = Paths.PathId
                           AND (@InactiveSinceDate IS NULL OR Users.LastActivityDate <= @InactiveSinceDate)
                           AND (@UserName IS NULL OR Users.LoweredUserName = LOWER(@UserName))
                           AND (@Path IS NULL OR Paths.LoweredPath = LOWER(@Path)))

        SELECT @Count = @@ROWCOUNT
    END
END
GO
SET ANSI_NULLS ON
GO
SET QUOTED_IDENTIFIER OFF
GO
CREATE PROCEDURE dbo.aspnet_PersonalizationAdministration_ResetSharedState (
    @Count int OUT,
    @ApplicationName NVARCHAR(256),
    @Path NVARCHAR(256))
AS
BEGIN
    DECLARE @ApplicationId UNIQUEIDENTIFIER
    EXEC dbo.aspnet_Personalization_GetApplicationId @ApplicationName, @ApplicationId OUTPUT
    IF (@ApplicationId IS NULL)
        SELECT @Count = 0
    ELSE
    BEGIN
        DELETE FROM dbo.aspnet_PersonalizationAllUsers
        WHERE PathId IN
            (SELECT AllUsers.PathId
             FROM dbo.aspnet_PersonalizationAllUsers AllUsers, dbo.aspnet_Paths Paths
             WHERE Paths.ApplicationId = @ApplicationId
                   AND AllUsers.PathId = Paths.PathId
                   AND Paths.LoweredPath = LOWER(@Path))

        SELECT @Count = @@ROWCOUNT
    END
END
GO
SET ANSI_NULLS ON
GO
SET QUOTED_IDENTIFIER OFF
GO
CREATE PROCEDURE dbo.aspnet_PersonalizationAdministration_GetCountOfState (
    @Count int OUT,
    @AllUsersScope bit,
    @ApplicationName NVARCHAR(256),
    @Path NVARCHAR(256) = NULL,
    @UserName NVARCHAR(256) = NULL,
    @InactiveSinceDate DATETIME = NULL)
AS
BEGIN

    DECLARE @ApplicationId UNIQUEIDENTIFIER
    EXEC dbo.aspnet_Personalization_GetApplicationId @ApplicationName, @ApplicationId OUTPUT
    IF (@ApplicationId IS NULL)
        SELECT @Count = 0
    ELSE
        IF (@AllUsersScope = 1)
            SELECT @Count = COUNT(*)
            FROM dbo.aspnet_PersonalizationAllUsers AllUsers, dbo.aspnet_Paths Paths
            WHERE Paths.ApplicationId = @ApplicationId
                  AND AllUsers.PathId = Paths.PathId
                  AND (@Path IS NULL OR Paths.LoweredPath LIKE LOWER(@Path))
        ELSE
            SELECT @Count = COUNT(*)
            FROM dbo.aspnet_PersonalizationPerUser PerUser, dbo.aspnet_Users Users, dbo.aspnet_Paths Paths
            WHERE Paths.ApplicationId = @ApplicationId
                  AND PerUser.UserId = Users.UserId
                  AND PerUser.PathId = Paths.PathId
                  AND (@Path IS NULL OR Paths.LoweredPath LIKE LOWER(@Path))
                  AND (@UserName IS NULL OR Users.LoweredUserName LIKE LOWER(@UserName))
                  AND (@InactiveSinceDate IS NULL OR Users.LastActivityDate <= @InactiveSinceDate)
END
GO
SET ANSI_NULLS ON
GO
SET QUOTED_IDENTIFIER OFF
GO
CREATE PROCEDURE dbo.aspnet_PersonalizationAdministration_FindState (
    @AllUsersScope bit,
    @ApplicationName NVARCHAR(256),
    @PageIndex              INT,
    @PageSize               INT,
    @Path NVARCHAR(256) = NULL,
    @UserName NVARCHAR(256) = NULL,
    @InactiveSinceDate DATETIME = NULL)
AS
BEGIN
    DECLARE @ApplicationId UNIQUEIDENTIFIER
    EXEC dbo.aspnet_Personalization_GetApplicationId @ApplicationName, @ApplicationId OUTPUT
    IF (@ApplicationId IS NULL)
        RETURN

    -- Set the page bounds
    DECLARE @PageLowerBound INT
    DECLARE @PageUpperBound INT
    DECLARE @TotalRecords   INT
    SET @PageLowerBound = @PageSize * @PageIndex
    SET @PageUpperBound = @PageSize - 1 + @PageLowerBound

    -- Create a temp table to store the selected results
    CREATE TABLE #PageIndex (
        IndexId int IDENTITY (0, 1) NOT NULL,
        ItemId UNIQUEIDENTIFIER
    )

    IF (@AllUsersScope = 1)
    BEGIN
        -- Insert into our temp table
        INSERT INTO #PageIndex (ItemId)
        SELECT Paths.PathId
        FROM dbo.aspnet_Paths Paths,
             ((SELECT Paths.PathId
               FROM dbo.aspnet_PersonalizationAllUsers AllUsers, dbo.aspnet_Paths Paths
               WHERE Paths.ApplicationId = @ApplicationId
                      AND AllUsers.PathId = Paths.PathId
                      AND (@Path IS NULL OR Paths.LoweredPath LIKE LOWER(@Path))
              ) AS SharedDataPerPath
              FULL OUTER JOIN
              (SELECT DISTINCT Paths.PathId
               FROM dbo.aspnet_PersonalizationPerUser PerUser, dbo.aspnet_Paths Paths
               WHERE Paths.ApplicationId = @ApplicationId
                      AND PerUser.PathId = Paths.PathId
                      AND (@Path IS NULL OR Paths.LoweredPath LIKE LOWER(@Path))
              ) AS UserDataPerPath
              ON SharedDataPerPath.PathId = UserDataPerPath.PathId
             )
        WHERE Paths.PathId = SharedDataPerPath.PathId OR Paths.PathId = UserDataPerPath.PathId
        ORDER BY Paths.Path ASC

        SELECT @TotalRecords = @@ROWCOUNT

        SELECT Paths.Path,
               SharedDataPerPath.LastUpdatedDate,
               SharedDataPerPath.SharedDataLength,
               UserDataPerPath.UserDataLength,
               UserDataPerPath.UserCount
        FROM dbo.aspnet_Paths Paths,
             ((SELECT PageIndex.ItemId AS PathId,
                      AllUsers.LastUpdatedDate AS LastUpdatedDate,
                      DATALENGTH(AllUsers.PageSettings) AS SharedDataLength
               FROM dbo.aspnet_PersonalizationAllUsers AllUsers, #PageIndex PageIndex
               WHERE AllUsers.PathId = PageIndex.ItemId
                     AND PageIndex.IndexId >= @PageLowerBound AND PageIndex.IndexId <= @PageUpperBound
              ) AS SharedDataPerPath
              FULL OUTER JOIN
              (SELECT PageIndex.ItemId AS PathId,
                      SUM(DATALENGTH(PerUser.PageSettings)) AS UserDataLength,
                      COUNT(*) AS UserCount
               FROM aspnet_PersonalizationPerUser PerUser, #PageIndex PageIndex
               WHERE PerUser.PathId = PageIndex.ItemId
                     AND PageIndex.IndexId >= @PageLowerBound AND PageIndex.IndexId <= @PageUpperBound
               GROUP BY PageIndex.ItemId
              ) AS UserDataPerPath
              ON SharedDataPerPath.PathId = UserDataPerPath.PathId
             )
        WHERE Paths.PathId = SharedDataPerPath.PathId OR Paths.PathId = UserDataPerPath.PathId
        ORDER BY Paths.Path ASC
    END
    ELSE
    BEGIN
        -- Insert into our temp table
        INSERT INTO #PageIndex (ItemId)
        SELECT PerUser.Id
        FROM dbo.aspnet_PersonalizationPerUser PerUser, dbo.aspnet_Users Users, dbo.aspnet_Paths Paths
        WHERE Paths.ApplicationId = @ApplicationId
              AND PerUser.UserId = Users.UserId
              AND PerUser.PathId = Paths.PathId
              AND (@Path IS NULL OR Paths.LoweredPath LIKE LOWER(@Path))
              AND (@UserName IS NULL OR Users.LoweredUserName LIKE LOWER(@UserName))
              AND (@InactiveSinceDate IS NULL OR Users.LastActivityDate <= @InactiveSinceDate)
        ORDER BY Paths.Path ASC, Users.UserName ASC

        SELECT @TotalRecords = @@ROWCOUNT

        SELECT Paths.Path, PerUser.LastUpdatedDate, DATALENGTH(PerUser.PageSettings), Users.UserName, Users.LastActivityDate
        FROM dbo.aspnet_PersonalizationPerUser PerUser, dbo.aspnet_Users Users, dbo.aspnet_Paths Paths, #PageIndex PageIndex
        WHERE PerUser.Id = PageIndex.ItemId
              AND PerUser.UserId = Users.UserId
              AND PerUser.PathId = Paths.PathId
              AND PageIndex.IndexId >= @PageLowerBound AND PageIndex.IndexId <= @PageUpperBound
        ORDER BY Paths.Path ASC, Users.UserName ASC
    END

    RETURN @TotalRecords
END
GO
SET ANSI_NULLS ON
GO
SET QUOTED_IDENTIFIER OFF
GO
CREATE PROCEDURE dbo.aspnet_PersonalizationAdministration_DeleteAllState (
    @AllUsersScope bit,
    @ApplicationName NVARCHAR(256),
    @Count int OUT)
AS
BEGIN
    DECLARE @ApplicationId UNIQUEIDENTIFIER
    EXEC dbo.aspnet_Personalization_GetApplicationId @ApplicationName, @ApplicationId OUTPUT
    IF (@ApplicationId IS NULL)
        SELECT @Count = 0
    ELSE
    BEGIN
        IF (@AllUsersScope = 1)
            DELETE FROM aspnet_PersonalizationAllUsers
            WHERE PathId IN
               (SELECT Paths.PathId
                FROM dbo.aspnet_Paths Paths
                WHERE Paths.ApplicationId = @ApplicationId)
        ELSE
            DELETE FROM aspnet_PersonalizationPerUser
            WHERE PathId IN
               (SELECT Paths.PathId
                FROM dbo.aspnet_Paths Paths
                WHERE Paths.ApplicationId = @ApplicationId)

        SELECT @Count = @@ROWCOUNT
    END
END
GO
SET ANSI_NULLS ON
GO
SET QUOTED_IDENTIFIER OFF
GO
CREATE PROCEDURE dbo.aspnet_PersonalizationPerUser_SetPageSettings (
    @ApplicationName  NVARCHAR(256),
    @UserName         NVARCHAR(256),
    @Path             NVARCHAR(256),
    @PageSettings     IMAGE,
    @CurrentTimeUtc   DATETIME)
AS
BEGIN
    DECLARE @ApplicationId UNIQUEIDENTIFIER
    DECLARE @PathId UNIQUEIDENTIFIER
    DECLARE @UserId UNIQUEIDENTIFIER

    SELECT @ApplicationId = NULL
    SELECT @PathId = NULL
    SELECT @UserId = NULL

    EXEC dbo.aspnet_Applications_CreateApplication @ApplicationName, @ApplicationId OUTPUT

    SELECT @PathId = u.PathId FROM dbo.aspnet_Paths u WHERE u.ApplicationId = @ApplicationId AND u.LoweredPath = LOWER(@Path)
    IF (@PathId IS NULL)
    BEGIN
        EXEC dbo.aspnet_Paths_CreatePath @ApplicationId, @Path, @PathId OUTPUT
    END

    SELECT @UserId = u.UserId FROM dbo.aspnet_Users u WHERE u.ApplicationId = @ApplicationId AND u.LoweredUserName = LOWER(@UserName)
    IF (@UserId IS NULL)
    BEGIN
        EXEC dbo.aspnet_Users_CreateUser @ApplicationId, @UserName, 0, @CurrentTimeUtc, @UserId OUTPUT
    END

    UPDATE   dbo.aspnet_Users WITH (ROWLOCK)
    SET      LastActivityDate = @CurrentTimeUtc
    WHERE    UserId = @UserId
    IF (@@ROWCOUNT = 0) -- Username not found
        RETURN

    IF (EXISTS(SELECT PathId FROM dbo.aspnet_PersonalizationPerUser WHERE UserId = @UserId AND PathId = @PathId))
        UPDATE dbo.aspnet_PersonalizationPerUser SET PageSettings = @PageSettings, LastUpdatedDate = @CurrentTimeUtc WHERE UserId = @UserId AND PathId = @PathId
    ELSE
        INSERT INTO dbo.aspnet_PersonalizationPerUser(UserId, PathId, PageSettings, LastUpdatedDate) VALUES (@UserId, @PathId, @PageSettings, @CurrentTimeUtc)
    RETURN 0
END
GO
SET ANSI_NULLS ON
GO
SET QUOTED_IDENTIFIER OFF
GO
CREATE PROCEDURE dbo.aspnet_PersonalizationPerUser_ResetPageSettings (
    @ApplicationName  NVARCHAR(256),
    @UserName         NVARCHAR(256),
    @Path             NVARCHAR(256),
    @CurrentTimeUtc   DATETIME)
AS
BEGIN
    DECLARE @ApplicationId UNIQUEIDENTIFIER
    DECLARE @PathId UNIQUEIDENTIFIER
    DECLARE @UserId UNIQUEIDENTIFIER

    SELECT @ApplicationId = NULL
    SELECT @PathId = NULL
    SELECT @UserId = NULL

    EXEC dbo.aspnet_Personalization_GetApplicationId @ApplicationName, @ApplicationId OUTPUT
    IF (@ApplicationId IS NULL)
    BEGIN
        RETURN
    END

    SELECT @PathId = u.PathId FROM dbo.aspnet_Paths u WHERE u.ApplicationId = @ApplicationId AND u.LoweredPath = LOWER(@Path)
    IF (@PathId IS NULL)
    BEGIN
        RETURN
    END

    SELECT @UserId = u.UserId FROM dbo.aspnet_Users u WHERE u.ApplicationId = @ApplicationId AND u.LoweredUserName = LOWER(@UserName)
    IF (@UserId IS NULL)
    BEGIN
        RETURN
    END

    UPDATE   dbo.aspnet_Users WITH (ROWLOCK)
    SET      LastActivityDate = @CurrentTimeUtc
    WHERE    UserId = @UserId
    IF (@@ROWCOUNT = 0) -- Username not found
        RETURN

    DELETE FROM dbo.aspnet_PersonalizationPerUser WHERE PathId = @PathId AND UserId = @UserId
    RETURN 0
END
GO
SET ANSI_NULLS ON
GO
SET QUOTED_IDENTIFIER OFF
GO
CREATE PROCEDURE dbo.aspnet_PersonalizationPerUser_GetPageSettings (
    @ApplicationName  NVARCHAR(256),
    @UserName         NVARCHAR(256),
    @Path             NVARCHAR(256),
    @CurrentTimeUtc   DATETIME)
AS
BEGIN
    DECLARE @ApplicationId UNIQUEIDENTIFIER
    DECLARE @PathId UNIQUEIDENTIFIER
    DECLARE @UserId UNIQUEIDENTIFIER

    SELECT @ApplicationId = NULL
    SELECT @PathId = NULL
    SELECT @UserId = NULL

    EXEC dbo.aspnet_Personalization_GetApplicationId @ApplicationName, @ApplicationId OUTPUT
    IF (@ApplicationId IS NULL)
    BEGIN
        RETURN
    END

    SELECT @PathId = u.PathId FROM dbo.aspnet_Paths u WHERE u.ApplicationId = @ApplicationId AND u.LoweredPath = LOWER(@Path)
    IF (@PathId IS NULL)
    BEGIN
        RETURN
    END

    SELECT @UserId = u.UserId FROM dbo.aspnet_Users u WHERE u.ApplicationId = @ApplicationId AND u.LoweredUserName = LOWER(@UserName)
    IF (@UserId IS NULL)
    BEGIN
        RETURN
    END

    UPDATE   dbo.aspnet_Users WITH (ROWLOCK)
    SET      LastActivityDate = @CurrentTimeUtc
    WHERE    UserId = @UserId
    IF (@@ROWCOUNT = 0) -- Username not found
        RETURN

    SELECT p.PageSettings FROM dbo.aspnet_PersonalizationPerUser p WHERE p.PathId = @PathId AND p.UserId = @UserId
END
GO
SET ANSI_NULLS ON
GO
SET QUOTED_IDENTIFIER OFF
GO
CREATE PROCEDURE dbo.aspnet_PersonalizationAllUsers_SetPageSettings (
    @ApplicationName  NVARCHAR(256),
    @Path             NVARCHAR(256),
    @PageSettings     IMAGE,
    @CurrentTimeUtc   DATETIME)
AS
BEGIN
    DECLARE @ApplicationId UNIQUEIDENTIFIER
    DECLARE @PathId UNIQUEIDENTIFIER

    SELECT @ApplicationId = NULL
    SELECT @PathId = NULL

    EXEC dbo.aspnet_Applications_CreateApplication @ApplicationName, @ApplicationId OUTPUT

    SELECT @PathId = u.PathId FROM dbo.aspnet_Paths u WHERE u.ApplicationId = @ApplicationId AND u.LoweredPath = LOWER(@Path)
    IF (@PathId IS NULL)
    BEGIN
        EXEC dbo.aspnet_Paths_CreatePath @ApplicationId, @Path, @PathId OUTPUT
    END

    IF (EXISTS(SELECT PathId FROM dbo.aspnet_PersonalizationAllUsers WHERE PathId = @PathId))
        UPDATE dbo.aspnet_PersonalizationAllUsers SET PageSettings = @PageSettings, LastUpdatedDate = @CurrentTimeUtc WHERE PathId = @PathId
    ELSE
        INSERT INTO dbo.aspnet_PersonalizationAllUsers(PathId, PageSettings, LastUpdatedDate) VALUES (@PathId, @PageSettings, @CurrentTimeUtc)
    RETURN 0
END
GO
SET ANSI_NULLS ON
GO
SET QUOTED_IDENTIFIER OFF
GO
CREATE PROCEDURE dbo.aspnet_PersonalizationAllUsers_ResetPageSettings (
    @ApplicationName  NVARCHAR(256),
    @Path              NVARCHAR(256))
AS
BEGIN
    DECLARE @ApplicationId UNIQUEIDENTIFIER
    DECLARE @PathId UNIQUEIDENTIFIER

    SELECT @ApplicationId = NULL
    SELECT @PathId = NULL

    EXEC dbo.aspnet_Personalization_GetApplicationId @ApplicationName, @ApplicationId OUTPUT
    IF (@ApplicationId IS NULL)
    BEGIN
        RETURN
    END

    SELECT @PathId = u.PathId FROM dbo.aspnet_Paths u WHERE u.ApplicationId = @ApplicationId AND u.LoweredPath = LOWER(@Path)
    IF (@PathId IS NULL)
    BEGIN
        RETURN
    END

    DELETE FROM dbo.aspnet_PersonalizationAllUsers WHERE PathId = @PathId
    RETURN 0
END
GO
SET ANSI_NULLS ON
GO
SET QUOTED_IDENTIFIER OFF
GO
CREATE PROCEDURE dbo.aspnet_PersonalizationAllUsers_GetPageSettings (
    @ApplicationName  NVARCHAR(256),
    @Path              NVARCHAR(256))
AS
BEGIN
    DECLARE @ApplicationId UNIQUEIDENTIFIER
    DECLARE @PathId UNIQUEIDENTIFIER

    SELECT @ApplicationId = NULL
    SELECT @PathId = NULL

    EXEC dbo.aspnet_Personalization_GetApplicationId @ApplicationName, @ApplicationId OUTPUT
    IF (@ApplicationId IS NULL)
    BEGIN
        RETURN
    END

    SELECT @PathId = u.PathId FROM dbo.aspnet_Paths u WHERE u.ApplicationId = @ApplicationId AND u.LoweredPath = LOWER(@Path)
    IF (@PathId IS NULL)
    BEGIN
        RETURN
    END

    SELECT p.PageSettings FROM dbo.aspnet_PersonalizationAllUsers p WHERE p.PathId = @PathId
END
GO
SET ANSI_NULLS ON
GO
SET QUOTED_IDENTIFIER OFF
GO

CREATE PROCEDURE dbo.aspnet_Profile_SetProperties
    @ApplicationName        nvarchar(256),
    @PropertyNames          ntext,
    @PropertyValuesString   ntext,
    @PropertyValuesBinary   image,
    @UserName               nvarchar(256),
    @IsUserAnonymous        bit,
    @CurrentTimeUtc         datetime
AS
BEGIN
    DECLARE @ApplicationId uniqueidentifier
    SELECT  @ApplicationId = NULL

    DECLARE @ErrorCode     int
    SET @ErrorCode = 0

    DECLARE @TranStarted   bit
    SET @TranStarted = 0

    IF( @@TRANCOUNT = 0 )
    BEGIN
       BEGIN TRANSACTION
       SET @TranStarted = 1
    END
    ELSE
    	SET @TranStarted = 0

    EXEC dbo.aspnet_Applications_CreateApplication @ApplicationName, @ApplicationId OUTPUT

    IF( @@ERROR <> 0 )
    BEGIN
        SET @ErrorCode = -1
        GOTO Cleanup
    END

    DECLARE @UserId uniqueidentifier
    DECLARE @LastActivityDate datetime
    SELECT  @UserId = NULL
    SELECT  @LastActivityDate = @CurrentTimeUtc

    SELECT @UserId = UserId
    FROM   dbo.aspnet_Users
    WHERE  ApplicationId = @ApplicationId AND LoweredUserName = LOWER(@UserName)
    IF (@UserId IS NULL)
        EXEC dbo.aspnet_Users_CreateUser @ApplicationId, @UserName, @IsUserAnonymous, @LastActivityDate, @UserId OUTPUT

    IF( @@ERROR <> 0 )
    BEGIN
        SET @ErrorCode = -1
        GOTO Cleanup
    END

    UPDATE dbo.aspnet_Users
    SET    LastActivityDate=@CurrentTimeUtc
    WHERE  UserId = @UserId

    IF( @@ERROR <> 0 )
    BEGIN
        SET @ErrorCode = -1
        GOTO Cleanup
    END

    IF (EXISTS( SELECT *
               FROM   dbo.aspnet_Profile
               WHERE  UserId = @UserId))
        UPDATE dbo.aspnet_Profile
        SET    PropertyNames=@PropertyNames, PropertyValuesString = @PropertyValuesString,
               PropertyValuesBinary = @PropertyValuesBinary, LastUpdatedDate=@CurrentTimeUtc
        WHERE  UserId = @UserId
    ELSE
        INSERT INTO dbo.aspnet_Profile(UserId, PropertyNames, PropertyValuesString, PropertyValuesBinary, LastUpdatedDate)
             VALUES (@UserId, @PropertyNames, @PropertyValuesString, @PropertyValuesBinary, @CurrentTimeUtc)

    IF( @@ERROR <> 0 )
    BEGIN
        SET @ErrorCode = -1
        GOTO Cleanup
    END

    IF( @TranStarted = 1 )
    BEGIN
    	SET @TranStarted = 0
    	COMMIT TRANSACTION
    END

    RETURN 0

Cleanup:

    IF( @TranStarted = 1 )
    BEGIN
        SET @TranStarted = 0
    	ROLLBACK TRANSACTION
    END

    RETURN @ErrorCode

END
GO
SET ANSI_NULLS ON
GO
SET QUOTED_IDENTIFIER OFF
GO

CREATE PROCEDURE dbo.aspnet_Profile_GetProperties
    @ApplicationName      nvarchar(256),
    @UserName             nvarchar(256),
    @CurrentTimeUtc       datetime
AS
BEGIN
    DECLARE @ApplicationId uniqueidentifier
    SELECT  @ApplicationId = NULL
    SELECT  @ApplicationId = ApplicationId FROM dbo.aspnet_Applications WHERE LOWER(@ApplicationName) = LoweredApplicationName
    IF (@ApplicationId IS NULL)
        RETURN

    DECLARE @UserId uniqueidentifier
    SELECT  @UserId = NULL

    SELECT @UserId = UserId
    FROM   dbo.aspnet_Users
    WHERE  ApplicationId = @ApplicationId AND LoweredUserName = LOWER(@UserName)

    IF (@UserId IS NULL)
        RETURN
    SELECT TOP 1 PropertyNames, PropertyValuesString, PropertyValuesBinary
    FROM         dbo.aspnet_Profile
    WHERE        UserId = @UserId

    IF (@@ROWCOUNT > 0)
    BEGIN
        UPDATE dbo.aspnet_Users
        SET    LastActivityDate=@CurrentTimeUtc
        WHERE  UserId = @UserId
    END
END
GO
SET ANSI_NULLS ON
GO
SET QUOTED_IDENTIFIER OFF
GO

CREATE PROCEDURE dbo.aspnet_Profile_GetProfiles
    @ApplicationName        nvarchar(256),
    @ProfileAuthOptions     int,
    @PageIndex              int,
    @PageSize               int,
    @UserNameToMatch        nvarchar(256) = NULL,
    @InactiveSinceDate      datetime      = NULL
AS
BEGIN
    DECLARE @ApplicationId uniqueidentifier
    SELECT  @ApplicationId = NULL
    SELECT  @ApplicationId = ApplicationId FROM aspnet_Applications WHERE LOWER(@ApplicationName) = LoweredApplicationName
    IF (@ApplicationId IS NULL)
        RETURN

    -- Set the page bounds
    DECLARE @PageLowerBound int
    DECLARE @PageUpperBound int
    DECLARE @TotalRecords   int
    SET @PageLowerBound = @PageSize * @PageIndex
    SET @PageUpperBound = @PageSize - 1 + @PageLowerBound

    -- Create a temp table TO store the select results
    CREATE TABLE #PageIndexForUsers
    (
        IndexId int IDENTITY (0, 1) NOT NULL,
        UserId uniqueidentifier
    )

    -- Insert into our temp table
    INSERT INTO #PageIndexForUsers (UserId)
        SELECT  u.UserId
        FROM    dbo.aspnet_Users u, dbo.aspnet_Profile p
        WHERE   ApplicationId = @ApplicationId
            AND u.UserId = p.UserId
            AND (@InactiveSinceDate IS NULL OR LastActivityDate <= @InactiveSinceDate)
            AND (     (@ProfileAuthOptions = 2)
                   OR (@ProfileAuthOptions = 0 AND IsAnonymous = 1)
                   OR (@ProfileAuthOptions = 1 AND IsAnonymous = 0)
                 )
            AND (@UserNameToMatch IS NULL OR LoweredUserName LIKE LOWER(@UserNameToMatch))
        ORDER BY UserName

    SELECT  u.UserName, u.IsAnonymous, u.LastActivityDate, p.LastUpdatedDate,
            DATALENGTH(p.PropertyNames) + DATALENGTH(p.PropertyValuesString) + DATALENGTH(p.PropertyValuesBinary)
    FROM    dbo.aspnet_Users u, dbo.aspnet_Profile p, #PageIndexForUsers i
    WHERE   u.UserId = p.UserId AND p.UserId = i.UserId AND i.IndexId >= @PageLowerBound AND i.IndexId <= @PageUpperBound

    SELECT COUNT(*)
    FROM   #PageIndexForUsers

    DROP TABLE #PageIndexForUsers
END
GO
SET ANSI_NULLS ON
GO
SET QUOTED_IDENTIFIER OFF
GO

CREATE PROCEDURE dbo.aspnet_Profile_GetNumberOfInactiveProfiles
    @ApplicationName        nvarchar(256),
    @ProfileAuthOptions     int,
    @InactiveSinceDate      datetime
AS
BEGIN
    DECLARE @ApplicationId uniqueidentifier
    SELECT  @ApplicationId = NULL
    SELECT  @ApplicationId = ApplicationId FROM aspnet_Applications WHERE LOWER(@ApplicationName) = LoweredApplicationName
    IF (@ApplicationId IS NULL)
    BEGIN
        SELECT 0
        RETURN
    END

    SELECT  COUNT(*)
    FROM    dbo.aspnet_Users u, dbo.aspnet_Profile p
    WHERE   ApplicationId = @ApplicationId
        AND u.UserId = p.UserId
        AND (LastActivityDate <= @InactiveSinceDate)
        AND (
                (@ProfileAuthOptions = 2)
                OR (@ProfileAuthOptions = 0 AND IsAnonymous = 1)
                OR (@ProfileAuthOptions = 1 AND IsAnonymous = 0)
            )
END
GO
SET ANSI_NULLS ON
GO
SET QUOTED_IDENTIFIER OFF
GO

CREATE PROCEDURE dbo.aspnet_Profile_DeleteProfiles
    @ApplicationName        nvarchar(256),
    @UserNames              nvarchar(4000)
AS
BEGIN
    DECLARE @UserName     nvarchar(256)
    DECLARE @CurrentPos   int
    DECLARE @NextPos      int
    DECLARE @NumDeleted   int
    DECLARE @DeletedUser  int
    DECLARE @TranStarted  bit
    DECLARE @ErrorCode    int

    SET @ErrorCode = 0
    SET @CurrentPos = 1
    SET @NumDeleted = 0
    SET @TranStarted = 0

    IF( @@TRANCOUNT = 0 )
    BEGIN
        BEGIN TRANSACTION
        SET @TranStarted = 1
    END
    ELSE
    	SET @TranStarted = 0

    WHILE (@CurrentPos <= LEN(@UserNames))
    BEGIN
        SELECT @NextPos = CHARINDEX(N',', @UserNames,  @CurrentPos)
        IF (@NextPos = 0 OR @NextPos IS NULL)
            SELECT @NextPos = LEN(@UserNames) + 1

        SELECT @UserName = SUBSTRING(@UserNames, @CurrentPos, @NextPos - @CurrentPos)
        SELECT @CurrentPos = @NextPos+1

        IF (LEN(@UserName) > 0)
        BEGIN
            SELECT @DeletedUser = 0
            EXEC dbo.aspnet_Users_DeleteUser @ApplicationName, @UserName, 4, @DeletedUser OUTPUT
            IF( @@ERROR <> 0 )
            BEGIN
                SET @ErrorCode = -1
                GOTO Cleanup
            END
            IF (@DeletedUser <> 0)
                SELECT @NumDeleted = @NumDeleted + 1
        END
    END
    SELECT @NumDeleted
    IF (@TranStarted = 1)
    BEGIN
    	SET @TranStarted = 0
    	COMMIT TRANSACTION
    END
    SET @TranStarted = 0

    RETURN 0

Cleanup:
    IF (@TranStarted = 1 )
    BEGIN
        SET @TranStarted = 0
    	ROLLBACK TRANSACTION
    END
    RETURN @ErrorCode
END
GO
ALTER TABLE [uptea_ch].[InformesEntrevistaEvaluacion]  WITH CHECK ADD  CONSTRAINT [FK_uptea_ch.InformesEntrevistaEvaluacion_uptea_ch.Candidatos_Candidato_Id] FOREIGN KEY([Candidato_Id])
REFERENCES [uptea_ch].[Candidatos] ([Id])
GO
ALTER TABLE [uptea_ch].[InformesEntrevistaEvaluacion] CHECK CONSTRAINT [FK_uptea_ch.InformesEntrevistaEvaluacion_uptea_ch.Candidatos_Candidato_Id]
GO
ALTER TABLE [uptea_ch].[DocumentosInscripcion]  WITH CHECK ADD  CONSTRAINT [FK_uptea_ch.DocumentosInscripcion_uptea_ch.Candidatos_Candidato_Id] FOREIGN KEY([Candidato_Id])
REFERENCES [uptea_ch].[Candidatos] ([Id])
GO
ALTER TABLE [uptea_ch].[DocumentosInscripcion] CHECK CONSTRAINT [FK_uptea_ch.DocumentosInscripcion_uptea_ch.Candidatos_Candidato_Id]
GO
ALTER TABLE [uptea_ch].[DocumentosDeTramite]  WITH CHECK ADD  CONSTRAINT [FK_uptea_ch.DocumentosDeTramite_uptea_ch.Candidatos_Candidato_Id] FOREIGN KEY([Candidato_Id])
REFERENCES [uptea_ch].[Candidatos] ([Id])
GO
ALTER TABLE [uptea_ch].[DocumentosDeTramite] CHECK CONSTRAINT [FK_uptea_ch.DocumentosDeTramite_uptea_ch.Candidatos_Candidato_Id]
GO
ALTER TABLE [dbo].[aspnet_Applications] ADD  DEFAULT (newid()) FOR [ApplicationId]
GO
ALTER TABLE [uptea_ch].[PreferenciasColegios]  WITH CHECK ADD  CONSTRAINT [FK_uptea_ch.PreferenciasColegios_uptea_ch.Candidatos_Candidato_Id] FOREIGN KEY([Candidato_Id])
REFERENCES [uptea_ch].[Candidatos] ([Id])
GO
ALTER TABLE [uptea_ch].[PreferenciasColegios] CHECK CONSTRAINT [FK_uptea_ch.PreferenciasColegios_uptea_ch.Candidatos_Candidato_Id]
GO
ALTER TABLE [uptea_ch].[PreferenciasColegios]  WITH CHECK ADD  CONSTRAINT [FK_uptea_ch.PreferenciasColegios_uptea_ch.ComunidadesAutonomas_ComunidadAutonoma_Id] FOREIGN KEY([ComunidadAutonoma_Id])
REFERENCES [uptea_ch].[ComunidadesAutonomas] ([Id])
GO
ALTER TABLE [uptea_ch].[PreferenciasColegios] CHECK CONSTRAINT [FK_uptea_ch.PreferenciasColegios_uptea_ch.ComunidadesAutonomas_ComunidadAutonoma_Id]
GO
ALTER TABLE [uptea_ch].[PreferenciasColegios]  WITH CHECK ADD  CONSTRAINT [FK_uptea_ch.PreferenciasColegios_uptea_ch.EtapasEducativas_EtapaEducativa_Id] FOREIGN KEY([EtapaEducativa_Id])
REFERENCES [uptea_ch].[EtapasEducativas] ([Id])
GO
ALTER TABLE [uptea_ch].[PreferenciasColegios] CHECK CONSTRAINT [FK_uptea_ch.PreferenciasColegios_uptea_ch.EtapasEducativas_EtapaEducativa_Id]
GO
ALTER TABLE [uptea_ch].[PreferenciasColegios]  WITH CHECK ADD  CONSTRAINT [FK_uptea_ch.PreferenciasColegios_uptea_ch.Provincias_Provincia_Id] FOREIGN KEY([Provincia_Id])
REFERENCES [uptea_ch].[Provincias] ([Id])
GO
ALTER TABLE [uptea_ch].[PreferenciasColegios] CHECK CONSTRAINT [FK_uptea_ch.PreferenciasColegios_uptea_ch.Provincias_Provincia_Id]
GO
ALTER TABLE [uptea_ch].[PreferenciasColegios]  WITH CHECK ADD  CONSTRAINT [FK_uptea_ch.PreferenciasColegios_uptea_ch.TiposAlojamientos_TipoDeAlojamiento_Id] FOREIGN KEY([TipoDeAlojamiento_Id])
REFERENCES [uptea_ch].[TiposAlojamientos] ([Id])
GO
ALTER TABLE [uptea_ch].[PreferenciasColegios] CHECK CONSTRAINT [FK_uptea_ch.PreferenciasColegios_uptea_ch.TiposAlojamientos_TipoDeAlojamiento_Id]
GO
ALTER TABLE [uptea_ch].[Provincias]  WITH CHECK ADD  CONSTRAINT [FK_uptea_ch.Provincias_uptea_ch.ComunidadesAutonomas_ComunidadAutonomaId] FOREIGN KEY([ComunidadAutonomaId])
REFERENCES [uptea_ch].[ComunidadesAutonomas] ([Id])
ON DELETE CASCADE
GO
ALTER TABLE [uptea_ch].[Provincias] CHECK CONSTRAINT [FK_uptea_ch.Provincias_uptea_ch.ComunidadesAutonomas_ComunidadAutonomaId]
GO
ALTER TABLE [uptea_ch].[Encargados]  WITH CHECK ADD  CONSTRAINT [FK_uptea_ch.Encargados_uptea_ch.ComunidadesAutonomas_ComunidadAutonoma_Id] FOREIGN KEY([ComunidadAutonoma_Id])
REFERENCES [uptea_ch].[ComunidadesAutonomas] ([Id])
GO
ALTER TABLE [uptea_ch].[Encargados] CHECK CONSTRAINT [FK_uptea_ch.Encargados_uptea_ch.ComunidadesAutonomas_ComunidadAutonoma_Id]
GO
ALTER TABLE [dbo].[aspnet_Users]  WITH CHECK ADD FOREIGN KEY([ApplicationId])
REFERENCES [dbo].[aspnet_Applications] ([ApplicationId])
GO
ALTER TABLE [dbo].[aspnet_Users] ADD  DEFAULT (newid()) FOR [UserId]
GO
ALTER TABLE [dbo].[aspnet_Users] ADD  DEFAULT (NULL) FOR [MobileAlias]
GO
ALTER TABLE [dbo].[aspnet_Users] ADD  DEFAULT ((0)) FOR [IsAnonymous]
GO
ALTER TABLE [dbo].[aspnet_Paths]  WITH CHECK ADD FOREIGN KEY([ApplicationId])
REFERENCES [dbo].[aspnet_Applications] ([ApplicationId])
GO
ALTER TABLE [dbo].[aspnet_Paths] ADD  DEFAULT (newid()) FOR [PathId]
GO
ALTER TABLE [dbo].[aspnet_Roles]  WITH CHECK ADD FOREIGN KEY([ApplicationId])
REFERENCES [dbo].[aspnet_Applications] ([ApplicationId])
GO
ALTER TABLE [dbo].[aspnet_Roles] ADD  DEFAULT (newid()) FOR [RoleId]
GO
ALTER TABLE [dbo].[aspnet_PersonalizationPerUser]  WITH CHECK ADD FOREIGN KEY([PathId])
REFERENCES [dbo].[aspnet_Paths] ([PathId])
GO
ALTER TABLE [dbo].[aspnet_PersonalizationPerUser]  WITH CHECK ADD FOREIGN KEY([UserId])
REFERENCES [dbo].[aspnet_Users] ([UserId])
GO
ALTER TABLE [dbo].[aspnet_PersonalizationPerUser] ADD  DEFAULT (newid()) FOR [Id]
GO
ALTER TABLE [dbo].[aspnet_Profile]  WITH CHECK ADD FOREIGN KEY([UserId])
REFERENCES [dbo].[aspnet_Users] ([UserId])
GO
ALTER TABLE [dbo].[aspnet_Membership]  WITH CHECK ADD FOREIGN KEY([ApplicationId])
REFERENCES [dbo].[aspnet_Applications] ([ApplicationId])
GO
ALTER TABLE [dbo].[aspnet_Membership]  WITH CHECK ADD FOREIGN KEY([UserId])
REFERENCES [dbo].[aspnet_Users] ([UserId])
GO
ALTER TABLE [dbo].[aspnet_Membership] ADD  DEFAULT ((0)) FOR [PasswordFormat]
GO
ALTER TABLE [dbo].[aspnet_PersonalizationAllUsers]  WITH CHECK ADD FOREIGN KEY([PathId])
REFERENCES [dbo].[aspnet_Paths] ([PathId])
GO
ALTER TABLE [dbo].[aspnet_UsersInRoles]  WITH CHECK ADD FOREIGN KEY([RoleId])
REFERENCES [dbo].[aspnet_Roles] ([RoleId])
GO
ALTER TABLE [dbo].[aspnet_UsersInRoles]  WITH CHECK ADD FOREIGN KEY([UserId])
REFERENCES [dbo].[aspnet_Users] ([UserId])
GO
ALTER TABLE [uptea_ch].[PlazaColegios]  WITH CHECK ADD  CONSTRAINT [FK_uptea_ch.PlazaColegios_uptea_ch.Candidatos_Candidato_Id] FOREIGN KEY([Candidato_Id])
REFERENCES [uptea_ch].[Candidatos] ([Id])
GO
ALTER TABLE [uptea_ch].[PlazaColegios] CHECK CONSTRAINT [FK_uptea_ch.PlazaColegios_uptea_ch.Candidatos_Candidato_Id]
GO
ALTER TABLE [uptea_ch].[PlazaColegios]  WITH CHECK ADD  CONSTRAINT [FK_uptea_ch.PlazaColegios_uptea_ch.Candidatos_CandidatoAsignado_Id] FOREIGN KEY([CandidatoAsignado_Id])
REFERENCES [uptea_ch].[Candidatos] ([Id])
GO
ALTER TABLE [uptea_ch].[PlazaColegios] CHECK CONSTRAINT [FK_uptea_ch.PlazaColegios_uptea_ch.Candidatos_CandidatoAsignado_Id]
GO
ALTER TABLE [uptea_ch].[PlazaColegios]  WITH CHECK ADD  CONSTRAINT [FK_uptea_ch.PlazaColegios_uptea_ch.Colegios_Colegio_Id] FOREIGN KEY([Colegio_Id])
REFERENCES [uptea_ch].[Colegios] ([Id])
GO
ALTER TABLE [uptea_ch].[PlazaColegios] CHECK CONSTRAINT [FK_uptea_ch.PlazaColegios_uptea_ch.Colegios_Colegio_Id]
GO
ALTER TABLE [uptea_ch].[PlazaColegios]  WITH CHECK ADD  CONSTRAINT [FK_uptea_ch.PlazaColegios_uptea_ch.EtapasEducativas_EtapaEducativa_Id] FOREIGN KEY([EtapaEducativa_Id])
REFERENCES [uptea_ch].[EtapasEducativas] ([Id])
GO
ALTER TABLE [uptea_ch].[PlazaColegios] CHECK CONSTRAINT [FK_uptea_ch.PlazaColegios_uptea_ch.EtapasEducativas_EtapaEducativa_Id]
GO
ALTER TABLE [uptea_ch].[PlazaColegios]  WITH CHECK ADD  CONSTRAINT [FK_uptea_ch.PlazaColegios_uptea_ch.Nacionalidades_NacionalidadPreferente_Id] FOREIGN KEY([NacionalidadPreferente_Id])
REFERENCES [uptea_ch].[Nacionalidades] ([Id])
GO
ALTER TABLE [uptea_ch].[PlazaColegios] CHECK CONSTRAINT [FK_uptea_ch.PlazaColegios_uptea_ch.Nacionalidades_NacionalidadPreferente_Id]
GO
ALTER TABLE [uptea_ch].[Candidatos]  WITH CHECK ADD  CONSTRAINT [FK_uptea_ch.Candidatos_uptea_ch.Colegios_Colegio_Id] FOREIGN KEY([Colegio_Id])
REFERENCES [uptea_ch].[Colegios] ([Id])
GO
ALTER TABLE [uptea_ch].[Candidatos] CHECK CONSTRAINT [FK_uptea_ch.Candidatos_uptea_ch.Colegios_Colegio_Id]
GO
ALTER TABLE [uptea_ch].[Candidatos]  WITH CHECK ADD  CONSTRAINT [FK_uptea_ch.Candidatos_uptea_ch.ComunidadesAutonomas_ComunidadAutonomaPreferida_Id] FOREIGN KEY([ComunidadAutonomaPreferida_Id])
REFERENCES [uptea_ch].[ComunidadesAutonomas] ([Id])
GO
ALTER TABLE [uptea_ch].[Candidatos] CHECK CONSTRAINT [FK_uptea_ch.Candidatos_uptea_ch.ComunidadesAutonomas_ComunidadAutonomaPreferida_Id]
GO
ALTER TABLE [uptea_ch].[Candidatos]  WITH CHECK ADD  CONSTRAINT [FK_uptea_ch.Candidatos_uptea_ch.Encargados_Encargado_Id] FOREIGN KEY([Encargado_Id])
REFERENCES [uptea_ch].[Encargados] ([Id])
GO
ALTER TABLE [uptea_ch].[Candidatos] CHECK CONSTRAINT [FK_uptea_ch.Candidatos_uptea_ch.Encargados_Encargado_Id]
GO
ALTER TABLE [uptea_ch].[Candidatos]  WITH CHECK ADD  CONSTRAINT [FK_uptea_ch.Candidatos_uptea_ch.EstadosVisado_EstadoVisado_Id] FOREIGN KEY([EstadoVisado_Id])
REFERENCES [uptea_ch].[EstadosVisado] ([Id])
GO
ALTER TABLE [uptea_ch].[Candidatos] CHECK CONSTRAINT [FK_uptea_ch.Candidatos_uptea_ch.EstadosVisado_EstadoVisado_Id]
GO
ALTER TABLE [uptea_ch].[Candidatos]  WITH CHECK ADD  CONSTRAINT [FK_uptea_ch.Candidatos_uptea_ch.Estatuses_EstatusCandidato_Id] FOREIGN KEY([EstatusCandidato_Id])
REFERENCES [uptea_ch].[Estatuses] ([Id])
GO
ALTER TABLE [uptea_ch].[Candidatos] CHECK CONSTRAINT [FK_uptea_ch.Candidatos_uptea_ch.Estatuses_EstatusCandidato_Id]
GO
ALTER TABLE [uptea_ch].[Candidatos]  WITH CHECK ADD  CONSTRAINT [FK_uptea_ch.Candidatos_uptea_ch.EtapasEducativas_EtapaEducativaPreferida_Id] FOREIGN KEY([EtapaEducativaPreferida_Id])
REFERENCES [uptea_ch].[EtapasEducativas] ([Id])
GO
ALTER TABLE [uptea_ch].[Candidatos] CHECK CONSTRAINT [FK_uptea_ch.Candidatos_uptea_ch.EtapasEducativas_EtapaEducativaPreferida_Id]
GO
ALTER TABLE [uptea_ch].[Candidatos]  WITH CHECK ADD  CONSTRAINT [FK_uptea_ch.Candidatos_uptea_ch.Experiencias_Experiencia_Id] FOREIGN KEY([Experiencia_Id])
REFERENCES [uptea_ch].[Experiencias] ([Id])
GO
ALTER TABLE [uptea_ch].[Candidatos] CHECK CONSTRAINT [FK_uptea_ch.Candidatos_uptea_ch.Experiencias_Experiencia_Id]
GO
ALTER TABLE [uptea_ch].[Candidatos]  WITH CHECK ADD  CONSTRAINT [FK_uptea_ch.Candidatos_uptea_ch.MotivosCierreFicha_MotivoCierreFicha_Id] FOREIGN KEY([MotivoCierreFicha_Id])
REFERENCES [uptea_ch].[MotivosCierreFicha] ([Id])
GO
ALTER TABLE [uptea_ch].[Candidatos] CHECK CONSTRAINT [FK_uptea_ch.Candidatos_uptea_ch.MotivosCierreFicha_MotivoCierreFicha_Id]
GO
ALTER TABLE [uptea_ch].[Candidatos]  WITH CHECK ADD  CONSTRAINT [FK_uptea_ch.Candidatos_uptea_ch.Nacionalidades_Nacionalidad_Id] FOREIGN KEY([Nacionalidad_Id])
REFERENCES [uptea_ch].[Nacionalidades] ([Id])
GO
ALTER TABLE [uptea_ch].[Candidatos] CHECK CONSTRAINT [FK_uptea_ch.Candidatos_uptea_ch.Nacionalidades_Nacionalidad_Id]
GO
ALTER TABLE [uptea_ch].[Candidatos]  WITH CHECK ADD  CONSTRAINT [FK_uptea_ch.Candidatos_uptea_ch.PlazaColegios_PlazaOfrecida_Id] FOREIGN KEY([PlazaOfrecida_Id])
REFERENCES [uptea_ch].[PlazaColegios] ([Id])
GO
ALTER TABLE [uptea_ch].[Candidatos] CHECK CONSTRAINT [FK_uptea_ch.Candidatos_uptea_ch.PlazaColegios_PlazaOfrecida_Id]
GO
ALTER TABLE [uptea_ch].[Candidatos]  WITH CHECK ADD  CONSTRAINT [FK_uptea_ch.Candidatos_uptea_ch.Procedencias_Procedencia_Id] FOREIGN KEY([Procedencia_Id])
REFERENCES [uptea_ch].[Procedencias] ([Id])
GO
ALTER TABLE [uptea_ch].[Candidatos] CHECK CONSTRAINT [FK_uptea_ch.Candidatos_uptea_ch.Procedencias_Procedencia_Id]
GO
ALTER TABLE [uptea_ch].[Candidatos]  WITH CHECK ADD  CONSTRAINT [FK_uptea_ch.Candidatos_uptea_ch.Provincias_ProvinciaPreferida_Id] FOREIGN KEY([ProvinciaPreferida_Id])
REFERENCES [uptea_ch].[Provincias] ([Id])
GO
ALTER TABLE [uptea_ch].[Candidatos] CHECK CONSTRAINT [FK_uptea_ch.Candidatos_uptea_ch.Provincias_ProvinciaPreferida_Id]
GO
ALTER TABLE [uptea_ch].[Candidatos]  WITH CHECK ADD  CONSTRAINT [FK_uptea_ch.Candidatos_uptea_ch.TiposAlojamientos_TipoAlojamientoPreferido_Id] FOREIGN KEY([TipoAlojamientoPreferido_Id])
REFERENCES [uptea_ch].[TiposAlojamientos] ([Id])
GO
ALTER TABLE [uptea_ch].[Candidatos] CHECK CONSTRAINT [FK_uptea_ch.Candidatos_uptea_ch.TiposAlojamientos_TipoAlojamientoPreferido_Id]
GO
ALTER TABLE [uptea_ch].[Candidatos]  WITH CHECK ADD  CONSTRAINT [FK_uptea_ch.Candidatos_uptea_ch.UniversidadesDeRegistro_UniversidadDeRegistro_Id] FOREIGN KEY([UniversidadDeRegistro_Id])
REFERENCES [uptea_ch].[UniversidadesDeRegistro] ([Id])
GO
ALTER TABLE [uptea_ch].[Candidatos] CHECK CONSTRAINT [FK_uptea_ch.Candidatos_uptea_ch.UniversidadesDeRegistro_UniversidadDeRegistro_Id]
GO
ALTER TABLE [uptea_ch].[Candidatos] ADD  DEFAULT ((0)) FOR [prueba1Migration]
GO
ALTER TABLE [uptea_ch].[Colegios]  WITH CHECK ADD  CONSTRAINT [FK_uptea_ch.Colegios_uptea_ch.ComunidadesAutonomas_ComunidadAutonoma_Id] FOREIGN KEY([ComunidadAutonoma_Id])
REFERENCES [uptea_ch].[ComunidadesAutonomas] ([Id])
GO
ALTER TABLE [uptea_ch].[Colegios] CHECK CONSTRAINT [FK_uptea_ch.Colegios_uptea_ch.ComunidadesAutonomas_ComunidadAutonoma_Id]
GO
ALTER TABLE [uptea_ch].[Colegios]  WITH CHECK ADD  CONSTRAINT [FK_uptea_ch.Colegios_uptea_ch.Provincias_Provincia_Id] FOREIGN KEY([Provincia_Id])
REFERENCES [uptea_ch].[Provincias] ([Id])
GO
ALTER TABLE [uptea_ch].[Colegios] CHECK CONSTRAINT [FK_uptea_ch.Colegios_uptea_ch.Provincias_Provincia_Id]
GO
ALTER TABLE [uptea_ch].[ContactosColegio]  WITH CHECK ADD  CONSTRAINT [FK_uptea_ch.ContactosColegio_uptea_ch.Colegios_Colegio_Id] FOREIGN KEY([Colegio_Id])
REFERENCES [uptea_ch].[Colegios] ([Id])
GO
ALTER TABLE [uptea_ch].[ContactosColegio] CHECK CONSTRAINT [FK_uptea_ch.ContactosColegio_uptea_ch.Colegios_Colegio_Id]
GO
